"Player","Team","POS","ATT","YDS","TDS","REC","YDS","TDS","FL","FPTS"
" "," ","","",""
"Jonathan Taylor","IND","RB1","330.7","1,681.8","15.1","42.6","355.8","2.0","2.7","300.4"
"Derrick Henry","TEN","RB2","379.0","1,747.1","12.5","26.6","204.6","0.8","3.1","269.0"
"Austin Ekeler","LAC","RB3","223.3","998.0","9.8","75.2","656.4","5.4","2.3","251.8"
"Christian McCaffrey","CAR","RB4","236.6","1,058.1","7.5","85.9","708.8","3.7","2.1","239.2"
"Cooper Kupp","LAR","WR1","4.2","24.4","0.1","120.6","1,553.4","12.0","0.8","228.5"
"Dalvin Cook","MIN","RB5","281.8","1,278.3","9.8","48.6","363.5","1.5","2.7","226.8"
"Joe Mixon","CIN","RB6","288.1","1,194.8","9.9","44.6","306.8","2.4","2.0","220.4"
"Najee Harris","PIT","RB7","297.2","1,188.2","8.1","63.8","415.9","2.5","2.4","218.7"
"Alvin Kamara","NO","RB8","205.4","872.9","7.0","60.7","548.7","4.5","1.8","207.1"
"Nick Chubb","CLE","RB9","249.2","1,276.8","8.9","26.9","219.6","1.1","2.0","206.0"
"Justin Jefferson","MIN","WR2","3.3","16.7","0.1","100.8","1,485.7","9.0","0.8","202.6"
"Deebo Samuel","SF","WR3","59.0","344.0","4.6","71.0","1,061.8","5.5","1.6","198.5"
"Ja'Marr Chase","CIN","WR4","8.4","44.8","0.2","89.0","1,359.1","9.8","0.9","198.3"
"James Conner","ARI","RB10","228.7","930.3","10.6","42.1","331.7","2.1","2.1","198.3"
"Leonard Fournette","TB","RB11","220.6","927.4","8.9","62.0","412.1","2.1","1.9","196.6"
"Aaron Jones","GB","RB12","190.4","898.4","6.3","60.0","476.2","3.8","1.5","195.3"
"D'Andre Swift","DET","RB13","215.7","917.0","7.2","64.7","475.6","2.6","2.2","193.4"
"Javonte Williams","DEN","RB14","227.5","1,021.4","6.9","46.4","338.8","2.8","2.0","190.1"
"David Montgomery","CHI","RB15","254.3","1,021.7","7.7","44.9","336.4","1.8","1.9","188.9"
"Cam Akers","LAR","RB16","254.2","1,106.1","7.3","36.9","292.9","1.6","3.4","186.4"
"Saquon Barkley","NYG","RB17","233.7","968.4","6.1","56.1","398.2","2.4","2.0","183.6"
"Antonio Gibson","WAS","RB18","241.8","1,022.5","7.9","36.1","251.5","2.0","2.8","181.0"
"Ezekiel Elliott","DAL","RB19","227.2","961.5","8.1","40.6","264.1","2.0","1.5","180.1"
"Elijah Mitchell","SF","RB20","260.6","1,129.0","7.8","21.9","156.2","1.2","1.8","178.5"
"Davante Adams","LV","WR5","0.0","0.0","0.0","104.8","1,299.0","8.3","0.7","178.4"
"Stefon Diggs","BUF","WR6","0.3","2.5","0.0","101.3","1,246.1","9.2","0.8","178.3"
"Mike Evans","TB","WR7","0.3","1.8","0.0","82.8","1,152.1","10.7","0.7","178.2"
"Josh Jacobs","LV","RB21","242.5","1,001.6","8.8","35.5","249.8","0.6","1.9","177.9"
"CeeDee Lamb","DAL","WR8","6.7","51.8","0.1","91.8","1,226.0","7.9","0.7","174.3"
"J.K. Dobbins","BAL","RB22","193.3","969.5","8.1","32.6","237.3","1.1","1.5","173.1"
"Travis Kelce","KC","TE1","0.0","0.0","0.0","101.3","1,202.9","9.0","0.8","172.9"
"Tyreek Hill","MIA","WR9","8.4","60.1","0.4","92.1","1,143.5","7.6","0.8","166.9"
"Mark Andrews","BAL","TE2","0.0","0.0","0.0","92.2","1,142.5","8.8","0.8","165.6"
"Breece Hall","NYJ","RB23","218.5","953.7","5.9","36.8","292.4","1.5","2.0","165.1"
"Damien Harris","NE","RB24","216.4","958.6","9.8","15.0","110.9","0.3","1.9","163.4"
"Miles Sanders","PHI","RB25","205.9","1,013.5","4.9","31.6","225.9","1.3","2.0","157.2"
"Tee Higgins","CIN","WR10","0.3","1.0","0.0","83.1","1,134.2","7.4","0.8","156.6"
"Travis Etienne Jr.","JAC","RB26","175.5","761.5","5.0","49.7","398.8","2.0","1.9","154.5"
"A.J. Brown","PHI","WR11","0.5","5.5","0.0","77.7","1,102.7","7.5","0.7","154.4"
"DJ Moore","CAR","WR12","4.6","29.6","0.1","87.4","1,180.2","5.6","0.8","153.4"
"Mike Williams","LAC","WR13","0.0","0.3","0.0","70.8","1,056.3","7.8","0.6","151.4"
"Michael Pittman Jr.","IND","WR14","3.7","28.4","0.0","88.7","1,100.8","6.4","0.8","150.0"
"Keenan Allen","LAC","WR15","0.3","0.5","0.0","102.2","1,101.9","6.8","0.8","149.4"
"Devin Singletary","BUF","RB27","187.1","854.5","5.9","34.1","218.0","1.3","1.7","147.6"
"DK Metcalf","SEA","WR16","0.3","1.5","0.0","79.0","1,072.9","6.7","0.8","145.9"
"Cordarrelle Patterson","ATL","RB28","145.2","608.7","4.5","44.4","425.5","3.0","1.3","145.5"
"Diontae Johnson","PIT","WR17","4.3","32.8","0.1","94.5","1,065.1","6.0","1.4","143.7"
"Terry McLaurin","WAS","WR18","0.3","3.3","0.0","80.2","1,081.3","6.0","0.7","143.2"
"Jerry Jeudy","DEN","WR19","1.5","6.8","0.0","77.2","1,079.4","5.8","0.9","141.8"
"Courtland Sutton","DEN","WR20","0.3","0.8","0.0","72.3","1,016.9","6.7","0.7","140.6"
"Brandin Cooks","HOU","WR21","2.8","19.5","0.1","91.0","1,069.1","5.4","0.7","140.2"
"AJ Dillon","GB","RB29","175.3","767.6","5.7","28.7","230.9","1.3","1.4","139.2"
"Tony Pollard","DAL","RB30","151.0","742.3","3.6","44.4","343.1","1.9","1.4","138.7"
"Clyde Edwards-Helaire","KC","RB31","162.7","717.5","4.9","36.8","272.1","2.1","1.4","138.6"
"Gabriel Davis","BUF","WR22","0.0","0.0","0.0","58.5","889.0","8.3","0.2","138.4"
"Jaylen Waddle","MIA","WR23","3.6","20.1","0.4","91.6","989.2","6.1","0.9","138.1"
"Kareem Hunt","CLE","RB32","134.3","608.1","4.9","45.6","359.5","2.0","1.2","135.5"
"Chris Godwin","TB","WR24","1.8","10.0","0.3","81.6","960.5","6.5","1.3","135.3"
"Darnell Mooney","CHI","WR25","4.3","22.2","0.3","76.0","1,023.8","4.7","0.7","133.4"
"Amari Cooper","CLE","WR26","0.3","0.8","0.0","76.7","971.3","6.2","0.8","132.8"
"Allen Robinson II","LAR","WR27","0.0","0.0","0.0","73.5","937.4","6.5","0.7","131.2"
"Tyler Lockett","SEA","WR28","2.1","11.1","0.1","76.8","986.2","5.1","0.7","129.2"
"Rashaad Penny","SEA","RB33","173.6","846.6","5.6","14.6","108.5","0.3","1.2","128.6"
"Marquise Brown","ARI","WR29","1.4","8.4","0.1","76.0","935.5","5.8","0.9","127.9"
"Amon-Ra St. Brown","DET","WR30","8.0","56.3","0.5","81.7","882.4","5.3","0.8","127.1"
"Michael Thomas","NO","WR31","0.3","-1.0","0.0","80.6","944.6","5.7","0.7","127.0"
"Darren Waller","LV","TE3","0.0","0.0","0.0","80.6","973.2","5.1","0.7","126.8"
"Adam Thielen","MIN","WR32","0.5","1.5","0.0","72.1","798.0","8.0","0.8","126.4"
"Melvin Gordon III","DEN","RB34","157.6","699.7","6.1","22.2","160.3","1.1","1.8","125.3"
"Rhamondre Stevenson","NE","RB35","167.9","719.3","5.8","22.7","176.5","0.5","1.4","124.5"
"George Kittle","SF","TE4","0.0","0.0","0.0","75.8","921.4","5.5","0.8","123.4"
"JuJu Smith-Schuster","KC","WR33","2.4","11.6","0.6","75.3","815.5","6.3","0.8","122.5"
"Rashod Bateman","BAL","WR34","0.0","0.0","0.0","73.5","931.1","5.0","0.8","121.4"
"Kyle Pitts","ATL","TE5","0.0","0.0","0.0","71.5","960.1","4.4","0.7","121.1"
"Elijah Moore","NYJ","WR35","5.3","44.7","0.6","64.5","823.6","5.3","0.8","120.9"
"DeVonta Smith","PHI","WR36","0.0","0.0","0.0","64.1","857.8","6.1","0.7","120.6"
"Chase Edmonds","MIA","RB36","135.4","614.1","3.2","46.5","327.4","1.6","1.3","119.9"
"Hunter Renfrow","LV","WR37","1.5","6.3","0.0","79.4","826.0","5.8","1.0","116.6"
"Chase Claypool","PIT","WR38","8.9","52.8","0.3","61.0","856.2","4.1","0.7","115.6"
"Treylon Burks","TEN","WR39","2.6","15.0","0.1","61.1","866.9","4.9","1.2","115.4"
"Robert Woods","TEN","WR40","7.4","51.5","0.6","68.9","802.2","4.7","0.7","115.4"
"James Robinson","JAC","RB37","146.8","649.6","5.2","22.4","162.5","0.9","1.5","114.8"
"Christian Kirk","JAC","WR41","0.5","5.0","0.0","72.8","875.3","4.6","0.7","114.4"
"Ken Walker III","SEA","RB38","157.5","701.8","4.5","20.5","161.2","0.6","1.8","113.2"
"Drake London","ATL","WR42","0.8","3.0","0.0","64.8","877.2","4.5","1.2","112.5"
"Russell Gage","TB","WR43","0.3","1.0","0.0","66.5","776.7","5.8","1.3","110.0"
"Dalton Schultz","DAL","TE6","0.0","0.0","0.0","75.2","746.9","5.9","0.7","109.0"
"DeVante Parker","NE","WR44","0.0","0.0","0.0","57.3","774.9","5.0","0.7","106.1"
"Brandon Aiyuk","SF","WR45","2.6","16.1","0.0","58.7","763.7","4.9","0.8","105.8"
"Robbie Anderson","CAR","WR46","3.4","23.9","0.1","58.8","744.4","4.9","0.7","105.6"
"Kadarius Toney","NYG","WR47","8.0","52.5","0.2","66.8","765.8","4.0","0.8","105.4"
"DeAndre Hopkins","ARI","WR48","0.0","0.5","0.0","59.1","729.7","5.6","0.7","105.2"
"Kenny Golladay","NYG","WR49","0.0","0.0","0.0","55.3","800.6","4.4","0.7","105.0"
"Michael Gallup","DAL","WR50","0.0","0.0","0.0","53.8","744.9","5.1","0.6","104.0"
"Dallas Goedert","PHI","TE7","0.0","0.0","0.0","62.0","754.1","5.0","0.7","103.8"
"Tim Patrick","DEN","WR51","0.0","0.0","0.0","52.9","720.1","5.4","0.7","103.3"
"Michael Carter","NYJ","RB39","122.8","521.7","3.0","34.0","288.6","1.1","1.2","103.0"
"Gus Edwards","BAL","RB40","139.4","688.7","4.2","11.4","99.2","0.3","1.3","102.8"
"Allen Lazard","GB","WR52","1.8","14.9","0.0","50.5","655.9","6.0","0.6","102.0"
"Ronald Jones II","KC","RB41","137.4","604.1","5.1","14.3","102.1","0.5","1.4","101.3"
"Marquez Valdes-Scantling","KC","WR53","0.7","4.0","0.0","43.1","708.5","4.9","0.1","100.6"
"Tyler Boyd","CIN","WR54","2.3","16.8","0.0","65.3","742.8","4.2","0.7","99.5"
"T.J. Hockenson","DET","TE8","0.0","0.0","0.0","68.0","699.9","5.1","0.7","99.1"
"Garrett Wilson","NYJ","WR55","1.0","5.7","0.0","53.8","754.2","4.1","1.2","98.4"
"Raheem Mostert","MIA","RB42","119.0","573.0","3.8","17.9","140.2","0.9","0.8","97.7"
"Chris Olave","NO","WR56","0.5","2.8","0.0","49.6","706.3","4.6","0.7","97.4"
"Marvin Jones Jr.","JAC","WR57","0.0","0.0","0.0","56.3","663.9","5.0","0.6","94.9"
"Jarvis Landry","NO","WR58","3.0","15.6","0.3","57.0","696.5","3.9","0.9","94.8"
"Mecole Hardman","KC","WR59","9.1","59.7","0.5","51.9","646.1","3.9","1.3","94.4"
"Jamaal Williams","DET","RB43","143.1","581.4","3.3","22.2","142.5","0.8","1.2","94.1"
"Jakobi Meyers","NE","WR60","0.3","2.3","0.0","68.1","745.3","3.4","0.7","94.0"
"Van Jefferson","LAR","WR61","2.3","18.8","0.1","45.1","640.6","4.6","0.2","93.7"
"Marlon Mack","HOU","RB44","153.0","616.4","3.7","16.1","107.7","0.2","1.2","93.4"
"Dawson Knox","BUF","TE9","0.0","0.0","0.0","48.6","579.1","6.0","0.1","93.4"
"Christian Watson","GB","WR62","1.5","8.9","0.0","49.2","664.9","4.7","1.2","93.4"
"James Cook","BUF","RB45","99.1","439.9","3.2","30.0","233.7","1.5","1.3","93.2"
"Darrell Henderson Jr.","LAR","RB46","113.3","482.4","3.9","21.0","153.2","1.3","1.1","92.2"
"K.J. Osborn","MIN","WR63","0.3","2.5","0.0","48.7","629.3","5.0","0.6","91.8"
"Hunter Henry","NE","TE10","0.0","0.0","0.0","51.5","567.6","5.8","0.1","91.6"
"Zach Ertz","ARI","TE11","0.0","0.0","0.0","61.1","633.7","4.7","0.6","90.5"
"Dameon Pierce","HOU","RB47","130.1","513.5","3.4","21.9","171.8","0.8","1.8","89.7"
"Mike Gesicki","MIA","TE12","0.0","0.0","0.0","61.5","660.8","4.1","0.6","89.2"
"Alexander Mattison","MIN","RB48","117.8","489.1","2.8","25.1","184.9","1.0","1.2","87.6"
"Mark Ingram II","NO","RB49","132.5","509.9","3.7","18.7","133.4","0.6","1.3","87.1"
"Kenneth Gainwell","PHI","RB50","87.8","381.1","3.9","26.3","202.4","1.2","1.3","86.2"
"Jalen Tolbert","DAL","WR64","0.5","3.0","0.0","47.1","612.7","4.3","0.7","86.1"
"Pat Freiermuth","PIT","TE13","0.0","0.0","0.0","62.5","559.9","5.2","0.7","86.0"
"Skyy Moore","KC","WR65","0.5","3.0","0.0","45.2","601.9","4.6","1.2","86.0"
"Noah Fant","SEA","TE14","0.0","0.0","0.0","61.5","629.4","3.8","0.6","84.6"
"Cole Kmet","CHI","TE15","0.0","0.0","0.0","61.4","640.2","3.6","0.7","84.4"
"Tyler Higbee","LAR","TE16","0.0","0.0","0.0","57.4","578.5","4.6","0.7","84.2"
"Nyheim Hines","IND","RB51","60.9","277.8","1.7","50.1","386.6","2.0","2.4","83.9"
"Albert Okwuegbunam","DEN","TE17","0.0","0.0","0.0","53.1","554.3","4.9","0.7","83.6"
"DJ Chark Jr.","DET","WR66","0.3","2.0","0.0","40.8","584.5","4.2","0.1","83.4"
"David Njoku","CLE","TE18","0.0","0.0","0.0","46.3","568.2","4.4","0.1","83.3"
"Rondale Moore","ARI","WR67","16.8","82.3","0.5","57.9","553.4","3.0","0.9","83.1"
"Jahan Dotson","WAS","WR68","0.5","2.8","0.0","48.7","646.8","3.3","1.2","82.4"
"Kenyan Drake","LV","RB52","88.8","377.5","3.1","27.3","217.7","0.9","0.7","82.3"
"Corey Davis","NYJ","WR69","0.0","0.0","0.0","44.3","608.5","3.8","0.7","82.2"
"J.D. McKissic","WAS","RB53","55.0","246.8","1.7","46.1","368.7","1.7","0.7","81.1"
"Jameson Williams","DET","WR70","0.5","2.8","0.0","45.0","613.4","3.6","1.1","80.8"
"Curtis Samuel","WAS","WR71","13.5","77.7","0.8","43.7","483.9","3.4","0.7","80.1"
"George Pickens","PIT","WR72","0.5","2.3","0.0","50.4","626.0","3.2","1.2","79.5"
"Irv Smith Jr.","MIN","TE19","0.0","0.0","0.0","51.0","525.5","4.5","0.2","79.5"
"Logan Thomas","WAS","TE20","0.0","0.0","0.0","50.8","523.0","4.6","0.6","78.9"
"Austin Hooper","TEN","TE21","0.0","0.0","0.0","56.0","525.0","4.5","0.6","78.5"
"Gerald Everett","LAC","TE22","0.0","0.0","0.0","53.9","542.7","4.4","1.3","78.0"
"Robert Tonyan","GB","TE23","0.0","0.0","0.0","46.5","511.4","4.5","0.1","77.6"
"Donovan Peoples-Jones","CLE","WR73","0.0","0.0","0.0","39.0","602.6","3.1","0.7","77.5"
"Tyler Allgeier","ATL","RB54","111.7","444.1","2.7","19.0","153.1","0.7","1.7","77.0"
"Isaiah Spiller","LAC","RB55","93.6","398.0","2.7","19.7","148.5","1.2","0.6","76.9"
"Randall Cobb","GB","WR74","1.0","3.7","0.0","40.3","506.8","4.5","0.7","76.6"
"Nico Collins","HOU","WR75","0.0","0.0","0.0","44.7","579.0","3.0","0.2","75.7"
"Rachaad White","TB","RB56","91.6","373.2","3.5","18.2","141.7","0.8","1.2","74.8"
"Darrel Williams","ARI","RB57","90.1","343.8","3.0","23.1","195.6","0.8","1.2","74.2"
"A.J. Green","ARI","WR76","0.0","0.0","0.0","38.9","549.8","3.0","0.1","72.9"
"Rex Burkhead","HOU","RB58","80.1","305.3","2.4","29.6","230.0","1.1","0.7","72.8"
"Damien Williams","ATL","RB59","89.6","361.5","2.8","22.5","160.2","1.0","1.2","72.8"
"Nick Westbrook-Ikhine","TEN","WR77","0.0","0.0","0.0","41.0","515.6","3.7","0.7","72.4"
"Evan Engram","JAC","TE24","0.0","0.0","0.0","50.3","527.3","3.5","0.7","72.3"
"James Washington","DAL","WR78","0.5","3.3","0.0","32.3","473.4","4.0","0.1","71.5"
"Alec Pierce","IND","WR79","0.0","0.0","0.0","39.5","503.8","3.6","0.3","71.5"
"Jamison Crowder","BUF","WR80","0.3","1.3","0.0","47.6","489.4","3.9","0.7","71.4"
"Kyle Rudolph","TB","TE25","0.0","0.0","0.0","45.0","463.0","4.0","0.0","70.3"
"Cedrick Wilson Jr.","MIA","WR81","0.8","2.0","0.0","43.0","512.0","3.3","0.8","69.7"
"Brian Robinson Jr.","WAS","RB60","94.3","404.8","3.0","13.0","97.4","0.5","1.2","68.8"
"James White","NE","RB61","37.2","148.0","1.1","43.7","344.8","2.2","0.2","68.7"
"Velus Jones Jr.","CHI","WR82","2.1","12.6","0.1","37.9","484.3","3.2","0.3","68.6"
"Joshua Palmer","LAC","WR83","0.0","0.0","0.0","41.6","483.7","3.5","0.4","68.5"
"Parris Campbell","IND","WR84","0.8","6.8","0.0","38.7","492.2","3.1","0.1","68.4"
"Sterling Shepard","NYG","WR85","1.3","5.5","0.0","54.0","528.4","2.6","0.6","67.5"
"Kendrick Bourne","NE","WR86","5.8","46.8","0.1","36.0","460.9","2.7","0.7","66.6"
"John Metchie III","HOU","WR87","0.0","0.0","0.0","42.6","507.8","2.6","0.3","66.0"
"Sammy Watkins","GB","WR88","0.8","4.4","0.0","36.7","479.5","3.0","0.7","65.3"
"Hayden Hurst","CIN","TE26","0.0","0.0","0.0","43.9","433.3","3.9","0.7","65.3"
"Devin Duvernay","BAL","WR89","3.3","22.0","0.1","42.5","461.6","2.7","0.4","64.5"
"Byron Pringle","CHI","WR90","0.0","0.0","0.0","38.9","495.8","2.4","0.3","63.7"
"Sony Michel","MIA","RB62","103.4","431.9","2.5","8.9","57.4","0.2","0.7","63.4"
"Cameron Brate","TB","TE27","0.0","0.0","0.0","40.1","385.0","4.1","0.2","63.0"
"Mo Alie-Cox","IND","TE28","0.0","0.0","0.0","34.4","425.2","3.3","0.1","62.1"
"Zay Jones","JAC","WR91","0.5","0.8","0.0","40.1","465.9","2.6","0.6","61.0"
"Nelson Agholor","NE","WR92","1.8","9.4","0.1","32.2","434.4","2.6","0.1","59.9"
"Dee Eskridge","SEA","WR93","6.4","43.7","0.1","33.3","415.0","2.3","0.3","59.7"
"Khalil Herbert","CHI","RB63","89.8","377.8","2.0","13.9","101.0","0.3","1.2","59.6"
"Bryan Edwards","ATL","WR94","0.0","0.0","0.0","31.6","448.8","2.4","0.1","59.2"
"Laviska Shenault Jr.","JAC","WR95","12.8","62.1","0.5","35.8","372.5","2.2","0.6","58.4"
"Brevin Jordan","HOU","TE29","0.0","0.0","0.0","39.3","380.9","3.2","0.2","57.2"
"Braxton Berrios","NYJ","WR96","6.5","39.3","1.1","34.7","356.1","2.0","0.7","57.1"
"Jerick McKinnon","KC","RB64","39.1","161.2","1.3","30.3","238.5","1.6","0.3","56.6"
"Matt Breida","NYG","RB65","77.0","338.5","1.7","12.8","99.2","0.7","1.7","54.6"
"Ryan Nall","DAL","RB66","109.0","322.0","2.0","10.0","63.0","1.0","1.0","54.5"
"C.J. Uzomah","NYJ","TE30","0.0","0.0","0.0","40.1","384.0","2.6","0.1","53.9"
"Adam Trautman","NO","TE31","0.0","0.0","0.0","36.2","383.8","2.6","0.6","52.7"
"Samaje Perine","CIN","RB67","68.4","291.9","1.5","17.5","122.0","0.6","0.6","52.6"
"Dontrell Hilliard","TEN","RB68","47.3","239.4","1.7","25.8","162.3","0.5","0.7","51.9"
"Darius Slayton","NYG","WR97","0.3","-2.8","0.0","29.1","389.5","2.3","0.6","51.6"
"D'Onta Foreman","CAR","RB69","77.8","327.1","2.2","6.1","56.3","0.1","0.7","50.9"
"David Bell","CLE","WR98","0.7","4.3","0.0","29.0","389.5","2.1","0.6","50.8"
"Jalen Guyton","LAC","WR99","4.7","26.6","0.1","23.3","342.6","2.2","0.1","50.5"
"Boston Scott","PHI","RB70","61.4","268.3","2.9","7.3","52.0","0.2","0.2","50.3"
"Jonnu Smith","NE","TE32","0.0","0.0","0.0","32.3","349.6","2.5","0.1","49.8"
"Olamide Zaccheaus","ATL","WR100","0.3","0.8","0.0","28.7","364.8","2.0","0.1","48.4"
"Harrison Bryant","CLE","TE33","0.0","0.0","0.0","29.2","309.4","2.9","0.1","48.0"
"Jauan Jennings","SF","WR101","0.0","0.0","0.0","29.0","312.4","2.8","0.1","47.7"
"Terrace Marshall Jr.","CAR","WR102","0.0","0.0","0.0","30.4","361.1","2.0","0.3","47.7"
"Zamir White","LV","RB71","62.3","269.4","2.3","7.5","54.5","0.2","0.3","47.0"
"Wan'Dale Robinson","NYG","WR103","2.6","16.0","0.1","31.4","354.4","1.6","0.3","46.7"
"Chuba Hubbard","CAR","RB72","61.0","229.4","1.8","15.7","112.7","0.5","0.6","46.5"
"Isaiah McKenzie","BUF","WR104","9.0","53.6","0.4","25.4","247.5","2.1","0.3","44.5"
"Tyler Conklin","NYJ","TE34","0.0","0.0","0.0","32.5","320.8","2.0","0.1","44.1"
"Paul Quessenberry","HOU","TE35","0.0","0.0","0.0","38.0","340.0","2.0","1.0","44.0"
"Ricky Seals-Jones","NYG","TE36","0.0","0.0","0.0","29.9","291.0","2.4","0.0","43.4"
"Amari Rodgers","GB","WR105","0.8","5.5","0.0","24.3","315.0","1.9","0.6","42.6"
"Foster Moreau","LV","TE37","0.0","0.0","0.0","23.4","266.7","2.6","0.1","42.3"
"Dan Arnold","JAC","TE38","0.0","0.0","0.0","28.0","330.2","1.8","0.7","42.3"
"KJ Hamler","DEN","WR106","1.3","5.8","0.0","23.0","306.2","2.0","0.6","41.8"
"Chris Conley","HOU","WR107","0.0","0.0","0.0","24.4","322.8","1.6","0.3","41.5"
"Ja'Marcus Bradley","CLE","WR108","0.0","0.0","0.0","25.4","305.9","1.7","0.0","40.7"
"Jeremiah Hall","NYG","RB73","0.0","0.0","0.0","35.0","307.0","2.0","1.0","40.7"
"Cade Otton","TB","TE39","0.0","0.0","0.0","26.1","274.0","2.4","0.6","40.4"
"Marquez Callaway","NO","WR109","2.2","13.3","0.1","19.2","267.6","1.9","0.0","39.9"
"Quez Watkins","PHI","WR110","0.0","0.0","0.0","22.9","291.7","1.8","0.1","39.9"
"Demarcus Robinson","LV","WR111","0.0","0.0","0.0","23.5","274.0","2.1","0.2","39.3"
"Keelan Cole Sr.","LV","WR112","0.0","0.3","0.0","20.2","293.1","1.7","0.0","39.3"
"Tyrion Davis-Price","SF","RB74","53.7","230.7","1.9","5.1","36.5","0.2","0.3","38.6"
"Ke'Shawn Vaughn","TB","RB75","52.4","220.4","2.2","5.3","35.4","0.1","0.7","38.4"
"Kyle Juszczyk","SF","RB76","12.9","46.9","0.8","22.7","207.7","1.3","0.1","37.6"
"Noah Brown","DAL","WR113","0.0","0.3","0.0","24.2","272.3","1.7","0.1","37.4"
"Chris Carson","SEA","RB77","45.3","201.1","1.6","9.0","63.2","0.2","0.0","37.4"
"Tylan Wallace","BAL","WR114","0.0","0.0","0.0","21.5","261.6","1.9","0.2","37.2"
"Jeff Wilson Jr.","SF","RB78","42.4","177.1","1.6","10.5","77.1","0.4","0.2","37.1"
"Tommy Tremble","CAR","TE40","0.0","0.0","0.0","25.3","256.2","1.9","0.1","36.8"
"Donald Parham Jr.","LAC","TE41","0.0","0.0","0.0","21.2","225.9","2.4","0.1","36.7"
"Geoff Swaim","TEN","TE42","0.0","0.0","0.0","26.0","220.7","2.4","0.1","36.6"
"Brandon Bolden","LV","RB79","32.3","143.3","0.8","17.8","162.7","0.5","1.0","36.0"
"Anthony Schwartz","CLE","WR115","1.5","9.1","0.1","19.4","256.7","1.5","0.2","35.6"
"Quintez Cephus","DET","WR116","0.0","0.0","0.0","17.1","230.0","2.1","0.0","35.5"
"Hassan Haskins","TEN","RB80","46.2","202.8","1.2","7.9","60.9","0.3","0.1","34.9"
"O.J. Howard","BUF","TE43","0.0","0.0","0.0","22.0","244.7","1.8","0.1","34.8"
"Jelani Woods","IND","TE44","0.0","0.0","0.0","21.6","228.7","2.0","0.5","34.0"
"Craig Reynolds","DET","RB81","40.7","180.4","0.7","12.5","94.6","0.5","0.6","33.9"
"Giovani Bernard","TB","RB82","22.4","86.7","0.5","21.5","145.2","1.2","0.1","32.9"
"Romeo Doubs","GB","WR117","0.0","0.0","0.0","17.6","213.3","1.9","0.1","32.5"
"Breshad Perriman","TB","WR118","0.2","0.8","0.0","14.8","222.0","1.6","0.1","31.9"
"Anthony Firkser","ATL","TE45","0.0","0.0","0.0","25.9","242.9","1.4","0.6","31.7"
"Freddie Swain","SEA","WR119","0.7","4.0","0.0","20.9","236.6","1.3","0.1","31.6"
"Rashard Higgins","CAR","WR120","0.0","0.0","0.0","18.1","243.9","1.2","0.1","31.5"
"Calvin Austin III","PIT","WR121","0.0","0.0","0.0","21.6","242.8","1.2","0.1","31.3"
"Jaret Patterson","WAS","RB83","44.3","180.7","1.5","7.3","53.4","0.1","1.0","31.0"
"Joshua Kelley","LAC","RB84","58.3","209.4","1.3","5.9","41.6","0.1","1.6","30.8"
"Phillip Dorsett II","HOU","WR122","1.1","6.6","0.0","18.8","229.5","1.2","0.1","30.7"
"Duke Johnson Jr.","BUF","RB85","30.2","148.3","1.2","7.9","72.8","0.3","0.5","30.3"
"Phillip Lindsay","IND","RB86","41.5","187.7","1.2","3.6","25.9","0.1","0.0","29.6"
"John Bates","WAS","TE46","0.0","0.0","0.0","18.0","207.8","1.3","0.1","28.4"
"Tyquan Thornton","NE","WR123","0.0","0.0","0.0","17.3","205.1","1.3","0.1","28.3"
"Chris Evans","CIN","RB87","22.8","94.4","0.5","15.2","113.1","0.8","0.2","28.2"
"Keke Coutee","IND","WR124","0.0","0.0","0.0","17.8","204.1","1.3","0.0","28.0"
"James O'Shaughnessy","CHI","TE47","0.0","0.0","0.0","20.5","214.9","1.1","0.1","27.9"
"Benny Snell Jr.","PIT","RB88","44.1","169.2","1.0","6.0","42.4","0.2","0.2","27.6"
"James Proche II","BAL","WR125","0.0","0.0","0.0","17.5","214.6","1.1","0.2","27.6"
"Pharaoh Brown","HOU","TE48","0.0","0.0","0.0","23.9","210.5","1.3","0.6","27.4"
"Josh Reynolds","DET","WR126","0.0","0.0","0.0","14.2","188.4","1.5","0.1","27.4"
"D'Ernest Johnson","CLE","RB89","31.9","155.4","1.1","6.4","48.3","0.1","0.1","27.3"
"Trey McBride","ARI","TE49","0.0","0.0","0.0","17.5","178.3","1.5","0.5","25.7"
"Tutu Atwell","LAR","WR127","0.0","0.0","0.0","14.6","183.5","1.3","0.2","25.6"
"Will Dissly","SEA","TE50","0.0","0.0","0.0","18.5","192.0","0.9","0.1","24.6"
"Equanimeous St. Brown","CHI","WR128","0.0","0.0","0.0","12.5","182.8","1.1","0.1","24.5"
"Ian Thomas","CAR","TE51","0.0","0.0","0.0","19.0","185.7","1.0","0.1","24.5"
"Ben Skowronek","LAR","WR129","0.0","0.0","0.0","13.0","160.8","1.4","0.1","24.5"
"Antoine Wesley","ARI","WR130","0.0","0.0","0.0","13.1","163.9","1.3","0.1","24.0"
"Zach Pascal","PHI","WR131","0.0","0.0","0.0","13.4","159.2","1.4","0.1","24.0"
"Kylen Granson","IND","TE52","0.0","0.0","0.0","16.7","167.9","1.2","0.1","23.9"
"Juwann Winfree","GB","WR132","0.0","0.0","0.0","14.4","167.7","1.2","0.0","23.9"
"Kendall Blanton","LAR","TE53","0.0","0.0","0.0","15.5","162.4","1.4","0.5","23.8"
"Jamal Agnew","JAC","WR133","8.6","56.3","0.4","10.4","118.9","0.7","0.1","23.8"
"Jordan Akins","NYG","TE54","0.0","0.0","0.0","19.1","182.8","1.1","0.6","23.7"
"Tony Jones Jr.","NO","RB90","34.7","137.2","1.0","3.9","32.7","0.1","0.0","23.2"
"Josiah Deguara","GB","TE55","0.0","0.0","0.0","14.2","147.3","1.4","0.1","22.9"
"Miles Boykin","PIT","WR134","0.0","0.0","0.0","13.2","162.8","1.1","0.0","22.6"
"Dyami Brown","WAS","WR135","0.0","0.0","0.0","12.9","160.1","1.0","0.1","22.1"
"Jermar Jefferson","DET","RB91","21.7","98.1","1.4","4.4","30.5","0.1","0.0","21.7"
"Snoop Conner","JAC","RB92","21.6","89.2","0.7","9.2","68.4","0.3","0.1","21.6"
"Damiere Byrd","ATL","WR136","0.0","0.0","0.0","15.0","172.6","0.8","0.1","21.6"
"Marcedes Lewis","GB","TE56","0.0","0.0","0.0","16.2","154.4","1.2","0.5","21.6"
"Taysom Hill","NO","QB1","0.0","0.0","0.0","9.0","95.0","2.0","0.0","21.5"
"Simi Fehoko","DAL","WR137","0.0","0.0","0.0","11.0","155.0","1.0","0.0","21.5"
"Chad Beebe","HOU","WR138","0.0","0.0","0.0","14.0","166.4","0.8","0.0","21.2"
"Nick Boyle","BAL","TE57","0.0","0.0","0.0","14.1","132.3","1.3","0.0","21.1"
"DeeJay Dallas","SEA","RB93","16.2","66.9","0.6","12.5","79.8","0.5","0.2","20.9"
"Ihmir Smith-Marsette","MIN","WR139","0.0","0.0","0.0","12.2","145.4","1.0","0.1","20.5"
"Dazz Newsome","CHI","WR140","0.0","0.0","0.0","11.9","153.2","0.8","0.0","20.4"
"Trent Sherfield","MIA","WR141","0.0","0.0","0.0","12.7","149.9","0.9","0.1","20.3"
"Cam Sims","WAS","WR142","0.0","0.0","0.0","11.5","152.0","0.9","0.0","20.3"
"Dez Fitzpatrick","TEN","WR143","0.0","0.0","0.0","12.0","146.7","0.9","0.0","20.2"
"Eno Benjamin","ARI","RB94","26.5","108.6","0.8","5.3","38.2","0.1","0.2","19.8"
"Maxx Williams","ARI","TE58","0.0","0.0","0.0","14.0","153.5","0.7","0.0","19.7"
"Daniel Bellinger","NYG","TE59","0.0","0.0","0.0","14.3","144.7","0.9","0.1","19.6"
"Matt Bushman","KC","TE60","0.0","0.0","0.0","14.0","135.0","1.0","0.0","19.5"
"Zack Moss","BUF","RB95","26.3","103.2","0.8","4.6","32.3","0.2","0.0","19.3"
"Kyle Markway","LAR","TE61","0.0","0.0","0.0","12.0","132.0","1.0","0.0","19.2"
"Brock Wright","DET","TE62","0.0","0.0","0.0","12.1","116.0","1.3","0.0","19.1"
"Ashton Dulin","IND","WR144","1.5","10.0","0.1","10.2","128.5","0.9","0.1","19.1"
"Justice Hill","BAL","RB96","27.6","109.1","0.6","7.5","53.4","0.2","1.0","19.1"
"Tevin Coleman","NYJ","RB97","27.9","109.1","0.5","7.8","53.3","0.2","0.5","19.1"
"Laquon Treadwell","JAC","WR145","0.0","0.0","0.0","11.9","140.8","0.9","0.1","19.0"
"Tyler Johnson","TB","WR146","0.0","0.0","0.0","10.9","133.4","1.0","0.0","19.0"
"Cody Hollister","TEN","WR147","0.0","0.0","0.0","11.3","135.0","0.9","0.0","18.8"
"Danny Gray","SF","WR148","0.0","0.0","0.0","11.7","135.2","0.9","0.1","18.8"
"Nick Eubanks","CIN","TE63","0.0","0.0","0.0","12.0","125.0","1.0","0.0","18.5"
"Travis Homer","SEA","RB98","16.9","93.1","0.5","6.4","52.3","0.1","0.0","18.3"
"Cyril Grayson Jr.","TB","WR149","0.0","0.0","0.0","10.2","128.8","0.9","0.1","18.3"
"Alize Mack","GB","TE64","0.0","0.0","0.0","12.0","122.0","1.0","0.0","18.2"
"Greg Dulcich","DEN","TE65","0.0","0.0","0.0","11.5","119.7","1.0","0.0","18.1"
"Mike Davis","BAL","RB99","24.4","106.9","0.5","5.5","34.6","0.2","0.1","18.1"
"Tyler Badie","BAL","RB100","25.3","130.1","0.6","2.9","24.0","0.0","0.5","18.1"
"Pierre Strong Jr.","NE","RB101","23.7","100.8","0.7","4.0","31.6","0.1","0.0","18.1"
"Erik Ezukanma","MIA","WR150","0.0","0.0","0.0","10.9","122.2","1.0","0.1","17.9"
"Jakeem Grant Sr.","CLE","WR151","1.1","6.6","0.0","11.1","124.2","0.7","0.0","17.5"
"Ameer Abdullah","LV","RB102","13.0","46.6","0.1","10.9","87.2","0.6","0.0","17.5"
"Myles Gaskin","MIA","RB103","22.0","88.9","0.7","5.5","39.4","0.1","0.0","17.5"
"Ty Montgomery","NE","RB104","9.7","56.9","0.5","7.4","62.9","0.5","0.0","17.4"
"N'Keal Harry","CHI","WR152","0.0","0.0","0.0","10.3","124.8","0.8","0.1","17.3"
"Durham Smythe","MIA","TE66","0.0","0.0","0.0","13.5","132.0","0.7","0.0","17.3"
"Tyler Kroft","SF","TE67","0.0","0.0","0.0","11.0","125.0","0.8","0.0","17.3"
"Gary Brightwell","NYG","RB105","20.6","83.7","0.7","6.0","43.0","0.1","0.1","17.2"
"Ty'Son Williams","IND","RB106","19.9","100.9","0.6","3.5","29.7","0.1","0.0","17.1"
"Ko Kieft","TB","TE68","0.0","0.0","0.0","11.4","114.5","0.9","0.0","16.8"
"Mike Boone","DEN","RB107","15.0","83.2","0.9","3.5","25.1","0.1","0.0","16.7"
"Royce Freeman","HOU","RB108","17.3","70.7","0.4","8.5","55.5","0.3","0.0","16.6"
"Matt Sokol","NE","TE69","0.0","0.0","0.0","10.0","105.0","1.0","0.0","16.5"
"Isaih Pacheco","KC","RB109","20.0","89.8","0.7","3.6","29.9","0.1","0.0","16.5"
"Brandon Zylstra","CAR","WR153","0.0","0.0","0.0","10.6","130.7","0.6","0.1","16.4"
"Keaontay Ingram","ARI","RB110","23.1","94.0","0.7","3.1","26.9","0.0","0.0","16.4"
"Noah Gray","KC","TE70","0.0","0.0","0.0","11.1","106.0","1.0","0.0","16.4"
"Javon Wims","CLE","WR154","0.0","0.0","0.0","10.7","121.5","0.7","0.0","16.3"
"Kyren Williams","LAR","RB111","18.6","74.9","0.8","4.6","35.1","0.0","0.1","15.8"
"Connor Heyward","PIT","TE71","0.0","0.0","0.0","11.5","115.9","0.7","0.1","15.8"
"Ryan Griffin","CHI","TE72","0.0","0.0","0.0","9.9","100.5","1.0","0.0","15.7"
"Rysen John","CHI","WR155","0.0","0.0","0.0","10.0","97.0","1.0","0.0","15.7"
"Patrick Ricard","BAL","RB112","2.7","8.2","0.1","12.1","85.3","1.0","0.0","15.4"
"Kenny Yeboah","NYJ","TE73","0.0","0.0","0.0","11.1","107.5","0.8","0.0","15.4"
"Mason Schreck","HOU","TE74","0.0","0.0","0.0","10.0","93.0","1.0","0.0","15.3"
"Jalen Reagor","PHI","WR156","4.7","25.7","0.2","7.4","82.6","0.6","0.2","15.3"
"Albert Wilson","MIN","WR157","4.4","27.7","0.2","7.6","78.4","0.6","0.0","15.2"
"Trestan Ebner","CHI","RB113","15.5","65.3","0.5","5.7","41.7","0.2","0.1","15.0"
"Josh Oliver","BAL","TE75","0.0","0.0","0.0","10.7","92.7","0.9","0.0","14.8"
"Jake Ferguson","DAL","TE76","0.0","0.0","0.0","9.6","100.0","0.8","0.0","14.8"
"Kalif Raymond","DET","WR158","0.7","4.2","0.0","7.7","101.9","0.7","0.1","14.7"
"J.J. Taylor","NE","RB114","22.4","65.4","1.2","1.5","8.2","0.1","0.0","14.7"
"Blake Bell","KC","TE77","0.0","0.0","0.0","10.0","95.5","0.8","0.0","14.6"
"Lynn Bowden Jr.","MIA","WR159","4.5","28.5","0.2","7.3","73.3","0.5","0.0","14.6"
"Kevin Harris","NE","RB115","19.6","83.6","0.6","3.0","24.3","0.0","0.0","14.5"
"Dominique Dafney","GB","TE78","0.0","0.0","0.0","7.6","91.6","0.9","0.0","14.4"
"Ray-Ray McCloud","SF","WR160","0.0","0.0","0.0","10.1","94.8","0.8","0.0","14.1"
"Isaiah Likely","BAL","TE79","0.0","0.0","0.0","9.4","91.7","0.8","0.0","14.1"
"Dare Ogunbowale","HOU","RB116","9.6","39.0","0.3","9.0","67.8","0.3","0.1","13.9"
"Abram Smith","NO","RB117","20.5","85.1","0.6","1.9","13.8","0.1","0.1","13.9"
"Nick Vannett","NO","TE80","0.0","0.0","0.0","8.6","91.7","0.8","0.1","13.8"
"Chris Moore","HOU","WR161","0.0","0.0","0.0","9.9","108.7","0.5","0.0","13.8"
"Jerome Ford","CLE","RB118","17.0","86.3","0.5","2.0","18.5","0.0","0.0","13.7"
"Drew Sample","CIN","TE81","0.0","0.0","0.0","10.2","89.7","0.8","0.1","13.6"
"Juwan Johnson","NO","TE82","0.0","0.0","0.0","6.5","73.4","1.0","0.0","13.5"
"Marcus Johnson","SF","WR162","0.0","0.0","0.0","7.5","92.2","0.7","0.0","13.4"
"Rico Dowdle","DAL","RB119","16.6","69.2","0.5","3.6","27.3","0.1","0.0","13.3"
"Trey Sermon","SF","RB120","14.8","60.1","0.5","4.6","30.7","0.2","0.0","13.3"
"Richard Rodgers","PHI","TE83","0.0","0.0","0.0","8.7","86.9","0.8","0.0","13.2"
"Demetric Felton Jr.","CLE","RB121","4.8","18.9","0.1","6.6","66.9","0.7","0.0","13.2"
"Zach Gentry","PIT","TE84","0.0","0.0","0.0","9.9","89.3","0.7","0.0","13.2"
"Johnny Stanton","CLE","RB122","6.7","29.8","0.4","5.3","36.1","0.7","0.0","13.1"
"Khalil Shakir","BUF","WR163","1.0","6.0","0.1","6.4","81.3","0.7","0.0","13.1"
"Ty Chandler","MIN","RB123","18.0","76.7","0.6","2.0","19.5","0.0","0.0","13.0"
"Tory Carter","TEN","RB124","9.5","44.5","0.5","6.9","49.4","0.1","0.0","12.9"
"Richie James Jr.","NYG","WR164","0.0","0.0","0.0","8.0","100.1","0.5","0.1","12.8"
"Jacob Harris","LAR","TE85","0.0","0.0","0.0","8.0","86.9","0.7","0.0","12.8"
"JaMycal Hasty","SF","RB125","11.0","46.6","0.6","5.9","41.0","0.1","0.0","12.8"
"Andy Janovich","HOU","RB126","8.7","34.6","0.2","8.2","63.6","0.3","0.0","12.6"
"Deonte Harris","NO","WR165","1.3","11.0","0.0","6.4","78.9","0.6","0.0","12.6"
"Qadree Ollison","ATL","RB127","12.6","51.2","0.4","5.7","39.2","0.2","0.1","12.4"
"Stephen Anderson","ARI","TE86","0.0","0.0","0.0","8.1","83.9","0.7","0.0","12.4"
"Kene Nwangwu","MIN","RB128","13.8","58.1","0.4","4.3","30.5","0.2","0.1","12.4"
"Samori Toure","GB","WR166","0.0","0.0","0.0","6.8","80.6","0.7","0.0","12.4"
"Jake Funk","LAR","RB129","14.4","60.3","0.5","3.3","23.7","0.2","0.1","12.2"
"Larry Rountree III","LAC","RB130","15.5","70.7","0.4","2.6","19.9","0.1","0.0","12.2"
"Jody Fortson","KC","WR167","0.0","0.0","0.0","7.0","76.4","0.7","0.0","12.0"
"Chris Manhertz","JAC","TE87","0.0","0.0","0.0","6.5","69.5","0.9","0.0","12.0"
"Jeremy Sprinkle","DAL","TE88","0.0","0.0","0.0","7.8","79.0","0.7","0.0","12.0"
"Tre'Quan Smith","NO","WR168","0.0","0.0","0.0","6.6","82.9","0.6","0.1","11.8"
"Ross Dwelley","SF","TE89","0.0","0.0","0.0","7.4","79.1","0.7","0.0","11.8"
"Keith Smith","ATL","RB131","8.1","32.7","0.2","7.9","54.2","0.3","0.1","11.6"
"Dwayne Washington","NO","RB132","14.7","63.6","0.4","2.9","21.1","0.1","0.1","11.5"
"Penny Hart","SEA","WR169","0.0","0.0","0.0","7.9","84.5","0.5","0.0","11.3"
"Luke Farrell","JAC","TE90","0.0","0.0","0.0","7.6","81.0","0.5","0.1","11.2"
"Tre' McKitty","LAC","TE91","0.0","0.0","0.0","8.4","80.7","0.5","0.0","11.2"
"Scotty Miller","TB","WR170","0.2","1.5","0.0","6.2","78.6","0.5","0.1","11.1"
"Charlie Kolar","BAL","TE92","0.0","0.0","0.0","6.8","71.5","0.7","0.0","11.0"
"Kevin Rader","PIT","TE93","0.0","0.0","0.0","8.6","69.7","0.7","0.0","11.0"
"Anthony Miller","PIT","WR171","0.0","0.0","0.0","7.4","79.3","0.5","0.0","10.9"
"DeAndre Carter","LAC","WR172","0.0","0.0","0.0","6.6","77.1","0.6","0.1","10.9"
"Kristian Wilkerson","NE","WR173","0.0","0.0","0.0","6.7","78.4","0.5","0.0","10.9"
"Teagan Quitoriano","HOU","TE94","0.0","0.0","0.0","7.5","70.8","0.6","0.0","10.9"
"Christian Blake","ARI","WR174","0.0","0.0","0.0","7.0","79.9","0.5","0.0","10.8"
"Charlie Woerner","SF","TE95","0.0","0.0","0.0","6.8","66.8","0.7","0.0","10.7"
"Jeremy Ruckert","NYJ","TE96","0.0","0.0","0.0","6.8","68.5","0.6","0.0","10.7"
"Racey McMath","TEN","WR175","0.0","0.0","0.0","6.5","78.6","0.5","0.1","10.7"
"Kyle Philips","TEN","WR176","0.0","0.0","0.0","6.5","76.3","0.5","0.0","10.6"
"Jesper Horsted","LV","TE97","0.0","0.0","0.0","6.9","74.1","0.5","0.0","10.6"
"Nick Muse","MIN","TE98","0.0","0.0","0.0","6.9","70.6","0.6","0.0","10.6"
"Keelan Doss","NYG","WR177","0.0","0.0","0.0","7.2","79.4","0.4","0.0","10.5"
"Ben Ellefson","MIN","TE99","0.0","0.0","0.0","6.2","62.5","0.7","0.0","10.5"
"Josh Malone","TEN","WR178","0.0","0.0","0.0","6.3","73.9","0.5","0.0","10.5"
"Tyree Jackson","PHI","TE100","0.0","0.0","0.0","6.5","64.6","0.7","0.1","10.4"
"Sean McKeon","DAL","TE101","0.0","0.0","0.0","6.8","68.5","0.6","0.1","10.4"
"Anthony McFarland Jr.","PIT","RB133","12.8","53.1","0.4","3.2","23.6","0.1","0.1","10.3"
"Ty Johnson","NYJ","RB134","8.0","33.4","0.2","5.7","45.0","0.2","0.1","10.2"
"Adam Shaheen","MIA","TE102","0.0","0.0","0.0","7.7","74.0","0.5","0.0","10.2"
"Nsimba Webster","CHI","WR179","0.0","0.0","0.0","6.0","77.0","0.4","0.0","10.1"
"Andre Roberts","CAR","WR180","0.0","0.0","0.0","5.9","73.0","0.4","0.0","9.9"
"Trenton Cannon","TEN","RB135","7.5","30.1","0.2","5.7","43.7","0.2","0.0","9.8"
"Brycen Hopkins","LAR","TE103","0.0","0.0","0.0","6.0","65.6","0.5","0.0","9.7"
"T.J. Vasher","DAL","WR181","0.0","0.0","0.0","5.6","64.9","0.6","0.0","9.7"
"Colby Parkinson","SEA","TE104","0.0","0.0","0.0","7.2","68.2","0.5","0.1","9.7"
"Tajae Sharpe","CHI","WR182","0.0","0.0","0.0","5.9","71.4","0.4","0.0","9.6"
"C.J. Ham","MIN","RB136","5.4","21.9","0.1","6.5","48.8","0.3","0.1","9.6"
"Mack Hollins","LV","WR183","0.0","0.0","0.0","5.1","65.0","0.5","0.0","9.5"
"Mike Strachan","IND","WR184","0.0","0.0","0.0","5.8","68.1","0.5","0.0","9.5"
"Trent Taylor","CIN","WR185","0.0","0.0","0.0","6.2","64.3","0.5","0.0","9.4"
"John FitzPatrick","ATL","TE105","0.0","0.0","0.0","6.4","59.2","0.6","0.0","9.2"
"Jaelon Darden","TB","WR186","0.0","0.0","0.0","5.3","62.2","0.5","0.0","9.2"
"Eric Tomlinson","DEN","TE106","0.0","0.0","0.0","5.9","58.7","0.5","0.0","9.0"
"Godwin Igwebuike","DET","RB137","8.2","35.0","0.3","4.0","29.4","0.2","0.1","8.9"
"Johnny Mundt","MIN","TE107","0.0","0.0","0.0","5.9","59.1","0.5","0.1","8.9"
"Bisi Johnson","MIN","WR187","0.0","0.0","0.0","5.4","58.9","0.5","0.1","8.5"
"Marquise Goodwin","SEA","WR188","0.0","0.0","0.0","4.8","66.8","0.3","0.0","8.4"
"Mike Thomas","CIN","WR189","0.0","0.0","0.0","5.1","58.5","0.4","0.0","8.3"
"Dezmon Patmon","IND","WR190","0.0","0.0","0.0","5.0","59.5","0.4","0.0","8.2"
"Jeff Smith","NYJ","WR191","0.0","0.0","0.0","5.3","62.8","0.3","0.0","8.2"
"Derrick Gore","KC","RB138","4.4","17.9","0.2","4.7","36.2","0.3","0.0","8.2"
"Chigoziem Okonkwo","TEN","TE108","0.0","0.0","0.0","5.3","55.7","0.5","0.0","8.2"
"Shi Smith","CAR","WR192","0.0","0.0","0.0","5.0","61.2","0.3","0.0","8.1"
"Patrick Taylor Jr.","GB","RB139","8.0","33.8","0.3","3.2","23.0","0.1","0.1","8.0"
"Darrynton Evans","CHI","RB140","8.2","34.8","0.3","2.7","20.9","0.1","0.1","8.0"
"Tyron Johnson","LV","WR193","0.0","0.0","0.0","4.5","57.2","0.4","0.0","7.9"
"Isaiah Coulter","CHI","WR194","0.0","0.0","0.0","4.5","58.2","0.3","0.0","7.9"
"Cole Turner","WAS","TE109","0.0","0.0","0.0","5.2","53.7","0.4","0.0","7.8"
"Antony Auclair","HOU","TE110","0.0","0.0","0.0","5.9","57.2","0.4","0.1","7.8"
"Denzel Mims","NYJ","WR195","0.0","0.0","0.0","4.5","57.8","0.3","0.0","7.7"
"Hunter Long","MIA","TE111","0.0","0.0","0.0","5.3","50.0","0.5","0.0","7.7"
"Devin Asiasi","NE","TE112","0.0","0.0","0.0","3.9","51.6","0.4","0.0","7.4"
"Josh Gordon","KC","WR196","0.0","0.0","0.0","3.4","53.1","0.4","0.0","7.4"
"Tyrie Cleveland","DEN","WR197","0.0","0.0","0.0","4.3","50.0","0.4","0.0","7.2"
"Jakob Johnson","LV","RB141","4.0","16.5","0.2","4.4","32.7","0.3","0.1","7.2"
"Andrew Beck","DEN","TE113","4.7","18.9","0.2","4.4","31.9","0.2","0.0","7.1"
"KhaDarel Hodge","ATL","WR198","0.0","0.0","0.0","4.6","56.2","0.3","0.0","7.1"
"Trey Edmunds","PIT","RB142","4.4","17.6","0.2","4.5","32.6","0.2","0.0","7.1"
"Preston Williams","MIA","WR199","0.0","0.0","0.0","4.2","49.7","0.4","0.0","7.0"
"Jordan Wilkins","TEN","RB143","5.2","21.9","0.2","3.9","28.1","0.2","0.0","7.0"
"Alec Ingold","MIA","RB144","4.3","17.4","0.2","4.4","31.3","0.2","0.1","7.0"
"Mekhi Sargent","JAC","RB145","4.5","17.8","0.2","4.2","32.0","0.2","0.0","7.0"
"Stanley Morgan Jr.","CIN","WR200","0.0","0.0","0.0","4.3","48.5","0.3","0.0","6.9"
"Giovanni Ricci","CAR","TE114","4.5","18.1","0.1","4.1","31.3","0.2","0.0","6.8"
"Kylin Hill","GB","RB146","6.6","26.8","0.2","3.2","23.1","0.1","0.0","6.8"
"Alex Armah Jr.","WAS","RB147","4.8","18.9","0.2","3.9","27.9","0.2","0.0","6.7"
"Justin Watson","KC","WR201","0.0","0.0","0.0","3.9","45.5","0.4","0.0","6.7"
"Antonio Williams","NYG","RB148","7.4","32.2","0.3","2.1","15.0","0.1","0.1","6.7"
"Michael Burton","KC","RB149","5.8","23.6","0.3","2.3","17.1","0.2","0.0","6.4"
"La'Mical Perine","NYJ","RB150","4.3","17.2","0.2","3.9","27.4","0.2","0.0","6.4"
"Deon Jackson","IND","RB151","8.7","37.4","0.3","1.0","6.9","0.0","0.1","6.4"
"Nick Bowers","LV","TE115","0.0","0.0","0.0","4.0","42.2","0.4","0.0","6.3"
"Malik Taylor","GB","WR202","0.0","0.0","0.0","3.6","43.2","0.3","0.0","6.3"
"Seth Williams","DEN","WR203","0.0","0.0","0.0","3.7","42.5","0.3","0.0","6.3"
"Corey Coleman","KC","WR204","0.0","0.0","0.0","3.4","42.4","0.3","0.0","6.3"
"Kendall Hinton","DEN","WR205","0.0","0.0","0.0","3.7","42.3","0.3","0.0","6.3"
"Greg Dortch","ARI","WR206","0.0","0.0","0.0","3.8","44.6","0.3","0.0","6.3"
"Jason Cabinda","DET","LB1","3.3","13.6","0.1","4.1","30.2","0.2","0.0","6.2"
"Hunter Kampmoyer","LAC","TE116","0.0","0.0","0.0","3.8","39.6","0.4","0.0","6.2"
"Trayveon Williams","CIN","RB152","4.4","17.9","0.1","4.2","29.2","0.2","0.0","6.1"
"Marquez Stevenson","BUF","WR207","0.0","0.0","0.0","3.5","41.1","0.3","0.0","6.1"
"Jace Sternberger","PIT","TE117","0.0","0.0","0.0","4.2","40.9","0.3","0.0","6.1"
"Mataeo Durant","PIT","RB153","7.4","30.8","0.2","2.1","14.3","0.1","0.0","6.1"
"Parker Hesse","ATL","TE118","0.0","0.0","0.0","4.5","43.9","0.3","0.0","6.0"
"Eric Saubert","DEN","TE119","0.0","0.0","0.0","4.1","38.0","0.4","0.0","5.9"
"Ryquell Armstead","JAC","RB154","4.9","19.9","0.2","2.8","22.2","0.1","0.0","5.9"
"Trenton Irwin","CIN","WR208","0.0","0.0","0.0","3.6","40.1","0.3","0.0","5.9"
"Lil'Jordan Humphrey","NE","WR209","0.0","0.0","0.0","3.4","42.5","0.3","0.0","5.8"
"Jalen Nailor","MIN","WR210","0.0","0.0","0.0","3.4","39.9","0.3","0.0","5.8"
"Jason Huntley","PHI","RB155","6.6","28.3","0.2","1.7","11.9","0.1","0.1","5.7"
"Derek Watt","PIT","RB156","2.2","8.7","0.1","4.4","32.9","0.2","0.0","5.7"
"David Moore","CHI","WR211","0.0","0.0","0.0","2.9","43.4","0.2","0.0","5.6"
"Khari Blasingame","CHI","RB157","2.4","9.8","0.1","3.8","29.4","0.2","0.0","5.6"
"Greg Ward","PHI","WR212","0.0","0.0","0.0","4.0","34.9","0.3","0.0","5.5"
"Garrett Griffin","DET","TE120","0.0","0.0","0.0","3.9","38.6","0.3","0.0","5.5"
"Jacob Hollister","LV","TE121","0.0","0.0","0.0","4.0","35.0","0.3","0.0","5.5"
"Malik Turner","SF","WR213","0.0","0.0","0.0","3.2","35.2","0.3","0.0","5.5"
"Reggie Gilliam","BUF","RB158","0.0","0.0","0.0","4.3","36.0","0.3","0.0","5.4"
"Dax Milne","WAS","WR214","0.0","0.0","0.0","3.3","38.8","0.2","0.0","5.2"
"Dante Pettis","CHI","WR215","0.0","0.0","0.0","2.9","40.8","0.2","0.0","5.2"
"Andy Isabella","ARI","WR216","0.0","0.0","0.0","3.0","37.1","0.2","0.0","5.1"
"Miller Forristall","CLE","TE122","0.0","0.0","0.0","3.4","34.9","0.3","0.1","5.1"
"Steven Sims Jr.","PIT","WR217","0.0","0.0","0.0","3.7","39.3","0.2","0.0","5.1"
"KeeSean Johnson","SF","WR218","0.0","0.0","0.0","3.0","30.9","0.3","0.0","5.1"
"Tyler Mabry","SEA","TE123","0.0","0.0","0.0","3.6","36.5","0.2","0.0","5.0"
"Cody Core","MIA","WR219","0.0","0.0","0.0","3.5","37.8","0.2","0.0","5.0"
"Grant Calcaterra","PHI","TE124","0.0","0.0","0.0","3.1","31.3","0.3","0.0","5.0"
"Trinity Benson","DET","WR220","0.0","0.0","0.0","3.4","39.8","0.2","0.0","5.0"
"Collin Johnson","NYG","WR221","0.0","0.0","0.0","3.5","39.5","0.2","0.0","5.0"
"Daurice Fountain","KC","WR222","0.0","0.0","0.0","2.9","33.6","0.3","0.0","5.0"
"Adam Prentice","NO","RB159","4.4","18.7","0.1","2.0","14.7","0.1","0.0","5.0"
"J.J. Arcega-Whiteside","PHI","WR223","0.0","0.0","0.0","3.0","35.3","0.2","0.0","4.9"
"Jason Moore Jr.","LAC","WR224","0.0","0.0","0.0","2.8","34.2","0.3","0.0","4.9"
"David Sills V","NYG","WR225","0.0","0.0","0.0","3.5","38.7","0.2","0.0","4.9"
"Nakia Griffin-Stewart","CLE","TE125","0.0","0.0","0.0","3.3","32.9","0.3","0.0","4.9"
"Frank Darby","ATL","WR226","0.0","0.0","0.0","3.2","36.4","0.2","0.0","4.7"
"Auden Tate","ATL","WR227","0.0","0.0","0.0","2.9","35.2","0.2","0.0","4.7"
"Travis Fulgham","DEN","WR228","0.0","0.0","0.0","2.6","31.1","0.3","0.0","4.6"
"Geronimo Allison","ATL","WR229","0.0","0.0","0.0","3.2","35.8","0.2","0.0","4.6"
"Cameron Batson","ATL","WR230","0.0","0.0","0.0","3.2","35.6","0.2","0.0","4.6"
"Cody Thompson","SEA","WR231","0.0","0.0","0.0","3.2","34.6","0.2","0.0","4.5"
"Nick Bawden","NYJ","RB160","0.0","0.0","0.0","4.3","31.5","0.2","0.0","4.4"
"Tommy Hudson","TEN","TE126","0.0","0.0","0.0","2.7","27.6","0.2","0.0","4.2"
"Codey McElroy","TB","TE127","0.0","0.0","0.0","2.1","22.5","0.2","0.0","3.5"
"Justyn Ross","KC","WR232","0.0","0.0","0.0","1.9","21.3","0.2","0.0","3.3"
"Brandon Powell","LAR","WR233","0.0","0.0","0.0","1.8","20.3","0.2","0.0","3.0"
"Gabe Nabers","LAC","RB161","4.4","18.9","0.2","0.0","0.0","0.0","0.0","2.9"
"Tommy Sweeney","BUF","TE128","0.0","0.0","0.0","1.9","18.3","0.2","0.0","2.8"
"Mitchell Wilcox","CIN","TE129","0.0","0.0","0.0","1.8","18.4","0.2","0.0","2.8"
"James Mitchell","DET","TE130","0.0","0.0","0.0","1.8","18.4","0.2","0.0","2.7"
"Tre Nixon","NE","WR234","0.0","0.0","0.0","1.7","19.2","0.1","0.0","2.7"
"Andrew Ogletree","IND","TE131","0.0","0.0","0.0","1.7","17.7","0.2","0.0","2.7"
"Jack Stoll","PHI","TE132","0.0","0.0","0.0","1.7","16.5","0.2","0.0","2.6"
"Stephen Sullivan","CAR","TE133","0.0","0.0","0.0","1.8","19.0","0.1","0.0","2.6"
"Bo Melton","SEA","WR235","0.0","0.0","0.0","1.7","18.7","0.1","0.0","2.4"
"Sammis Reyes","WAS","TE134","0.0","0.0","0.0","0.9","8.9","0.1","0.0","1.3"
"Gunner Olszewski","PIT","WR236","0.0","0.0","0.0","0.8","9.3","0.0","0.0","1.1"
"Jared Pinkney","LAR","TE135","0.0","0.0","0.0","0.5","4.4","0.0","0.0","0.7"
"Devin Funchess","DET","WR237","0.0","0.0","0.0","0.4","4.5","0.0","0.0","0.6"
"Devine Ozigbo","NO","RB162","0.6","2.4","0.0","0.2","1.8","0.0","0.0","0.6"
"Vyncint Smith","TB","WR238","0.0","0.0","0.0","0.0","0.0","0.0","0.0","0.0"
"Kevin White","NO","WR239","0.0","0.0","0.0","0.0","0.0","0.0","0.0","0.0"
"Jonathan Williams","WAS","RB163","0.0","0.0","0.0","0.0","0.0","0.0","0.0","0.0"
"Damarea Crockett","DEN","RB164","0.0","0.0","0.0","0.0","0.0","0.0","0.0","0.0"
"Deon Yelder","ARI","TE136","0.0","0.0","0.0","0.0","0.0","0.0","0.0","0.0"
"Dan Chisena","MIN","WR240","0.0","0.0","0.0","0.0","0.0","0.0","0.0","0.0"
"River Cracraft","MIA","WR241","0.0","0.0","0.0","0.0","0.0","0.0","0.0","0.0"
"John Hightower","PHI","WR242","0.0","0.0","0.0","0.0","0.0","0.0","0.0","0.0"
"Antonio Gandy-Golden","WAS","WR243","0.0","0.0","0.0","0.0","0.0","0.0","0.0","0.0"
"Kirk Merritt","NO","WR244","0.0","0.0","0.0","0.0","0.0","0.0","0.0","0.0"
"Nathan Cottrell","JAC","RB165","0.0","0.0","0.0","0.0","0.0","0.0","0.0","0.0"
"Joe Reed","LAC","WR245","0.0","0.0","0.0","0.0","0.0","0.0","0.0","0.0"
"Colin Thompson","CAR","TE137","0.0","0.0","0.0","0.0","0.0","0.0","0.0","0.0"
"Deon Cain","PHI","WR246","0.0","0.0","0.0","0.0","0.0","0.0","0.0","0.0"
"Rico Gafford","GB","CB1","0.0","0.0","0.0","0.0","0.0","0.0","0.0","0.0"
"Troy Fumagalli","SF","TE138","0.0","0.0","0.0","0.0","0.0","0.0","0.0","0.0"
"John Lovett","MIA","QB2","0.0","0.0","0.0","0.0","0.0","0.0","0.0","0.0"
"Trevon Wesco","NYJ","TE139","0.0","0.0","0.0","0.0","0.0","0.0","0.0","0.0"
"Spencer Brown","BUF","OT1","0.0","0.0","0.0","0.0","0.0","0.0","0.0","0.0"
"J.P. Holtz","NO","TE140","0.0","0.0","0.0","0.0","0.0","0.0","0.0","0.0"
"Austin Mack","SF","WR247","0.0","0.0","0.0","0.0","0.0","0.0","0.0","0.0"
"Gerrid Doaks","MIA","RB166","0.0","0.0","0.0","0.0","0.0","0.0","0.0","0.0"
"Alex Ellis","ARI","TE141","0.0","0.0","0.0","0.0","0.0","0.0","0.0","0.0"
"Lawrence Cager","NYJ","WR248","0.0","0.0","0.0","0.0","0.0","0.0","0.0","0.0"
"John Kelly","CLE","RB167","0.0","0.0","0.0","0.0","0.0","0.0","0.0","0.0"
"Tanner Gentry","BUF","WR249","0.0","0.0","0.0","0.0","0.0","0.0","0.0","0.0"
"Chris Myarick","NYG","TE142","0.0","0.0","0.0","0.0","0.0","0.0","0.0","0.0"
"Robert Foster","NYG","WR250","0.0","0.0","0.0","0.0","0.0","0.0","0.0","0.0"
"Nate McCrary","BAL","RB168","0.0","0.0","0.0","0.0","0.0","0.0","0.0","0.0"
"Tavon Austin","BUF","WR251","0.0","0.0","0.0","0.0","0.0","0.0","0.0","0.0"
"Taiwan Jones","BUF","RB169","0.0","0.0","0.0","0.0","0.0","0.0","0.0","0.0"
"Kenjon Barner","TB","RB170","0.0","0.0","0.0","0.0","0.0","0.0","0.0","0.0"
"Mason Kinsey","TEN","WR252","0.0","0.0","0.0","0.0","0.0","0.0","0.0","0.0"
"Kelvin Harmon","WAS","WR253","0.0","0.0","0.0","0.0","0.0","0.0","0.0","0.0"
"Jordan Franks","KC","TE143","0.0","0.0","0.0","0.0","0.0","0.0","0.0","0.0"
"J.J. Koski","LAR","WR254","0.0","0.0","0.0","0.0","0.0","0.0","0.0","0.0"
"Salvon Ahmed","MIA","RB171","0.0","0.0","0.0","0.0","0.0","0.0","0.0","0.0"
"Cethan Carter","MIA","TE144","0.0","0.0","0.0","0.0","0.0","0.0","0.0","0.0"
"Alex Erickson","WAS","WR255","0.0","0.0","0.0","0.0","0.0","0.0","0.0","0.0"
"Reggie Bonnafon","WAS","RB172","0.0","0.0","0.0","0.0","0.0","0.0","0.0","0.0"
"Tanner Hudson","SF","TE145","0.0","0.0","0.0","0.0","0.0","0.0","0.0","0.0"
"Maurice Ffrench","LAC","WR256","0.0","0.0","0.0","0.0","0.0","0.0","0.0","0.0"
"C.J. Board","NYG","WR257","0.0","0.0","0.0","0.0","0.0","0.0","0.0","0.0"
"Darius Bradwell","CAR","RB173","0.0","0.0","0.0","0.0","0.0","0.0","0.0","0.0"
"Noah Togiai","PHI","TE146","0.0","0.0","0.0","0.0","0.0","0.0","0.0","0.0"
"Tom Kennedy","DET","WR258","0.0","0.0","0.0","0.0","0.0","0.0","0.0","0.0"
""
""