,Player,Team,POS,RUSH_ATT,RUSH_YD,RUSH_TD,REC,REC_YD,REC_TD,FL,PASS_ATT,CMP,PASS_YDS,PASS_TDS,INTS
1,Jonathan Taylor,IND,RB,330.7,"1,681.8",15.1,42.6,355.8,2.0,2.7,0.0,0.0,0,0.0,0.0
2,Derrick Henry,TEN,RB,379.0,"1,747.1",12.5,26.6,204.6,0.8,3.1,0.0,0.0,0,0.0,0.0
3,Austin Ekeler,LAC,RB,223.3,998.0,9.8,75.2,656.4,5.4,2.3,0.0,0.0,0,0.0,0.0
4,Christian McCaffrey,CAR,RB,236.6,"1,058.1",7.5,85.9,708.8,3.7,2.1,0.0,0.0,0,0.0,0.0
5,Dalvin Cook,MIN,RB,281.8,"1,278.3",9.8,48.6,363.5,1.5,2.7,0.0,0.0,0,0.0,0.0
6,Joe Mixon,CIN,RB,288.1,"1,194.8",9.9,44.6,306.8,2.4,2.0,0.0,0.0,0,0.0,0.0
7,Najee Harris,PIT,RB,297.2,"1,188.2",8.1,63.8,415.9,2.5,2.4,0.0,0.0,0,0.0,0.0
8,Alvin Kamara,NO,RB,205.4,872.9,7.0,60.7,548.7,4.5,1.8,0.0,0.0,0,0.0,0.0
9,Nick Chubb,CLE,RB,249.2,"1,276.8",8.9,26.9,219.6,1.1,2.0,0.0,0.0,0,0.0,0.0
10,James Conner,ARI,RB,228.7,930.3,10.6,42.1,331.7,2.1,2.1,0.0,0.0,0,0.0,0.0
11,Leonard Fournette,TB,RB,220.6,927.4,8.9,62.0,412.1,2.1,1.9,0.0,0.0,0,0.0,0.0
12,Aaron Jones,GB,RB,190.4,898.4,6.3,60.0,476.2,3.8,1.5,0.0,0.0,0,0.0,0.0
13,D'Andre Swift,DET,RB,215.7,917.0,7.2,64.7,475.6,2.6,2.2,0.0,0.0,0,0.0,0.0
14,Javonte Williams,DEN,RB,227.5,"1,021.4",6.9,46.4,338.8,2.8,2.0,0.0,0.0,0,0.0,0.0
15,David Montgomery,CHI,RB,254.3,"1,021.7",7.7,44.9,336.4,1.8,1.9,0.0,0.0,0,0.0,0.0
16,Cam Akers,LAR,RB,254.2,"1,106.1",7.3,36.9,292.9,1.6,3.4,0.0,0.0,0,0.0,0.0
17,Saquon Barkley,NYG,RB,233.7,968.4,6.1,56.1,398.2,2.4,2.0,0.0,0.0,0,0.0,0.0
18,Antonio Gibson,WAS,RB,241.8,"1,022.5",7.9,36.1,251.5,2.0,2.8,0.0,0.0,0,0.0,0.0
19,Ezekiel Elliott,DAL,RB,227.2,961.5,8.1,40.6,264.1,2.0,1.5,0.0,0.0,0,0.0,0.0
20,Elijah Mitchell,SF,RB,260.6,"1,129.0",7.8,21.9,156.2,1.2,1.8,0.0,0.0,0,0.0,0.0
21,Josh Jacobs,LV,RB,242.5,"1,001.6",8.8,35.5,249.8,0.6,1.9,0.0,0.0,0,0.0,0.0
22,J.K. Dobbins,BAL,RB,193.3,969.5,8.1,32.6,237.3,1.1,1.5,0.0,0.0,0,0.0,0.0
23,Breece Hall,NYJ,RB,218.5,953.7,5.9,36.8,292.4,1.5,2.0,0.0,0.0,0,0.0,0.0
24,Damien Harris,NE,RB,216.4,958.6,9.8,15.0,110.9,0.3,1.9,0.0,0.0,0,0.0,0.0
25,Miles Sanders,PHI,RB,205.9,"1,013.5",4.9,31.6,225.9,1.3,2.0,0.0,0.0,0,0.0,0.0
26,Travis Etienne Jr.,JAC,RB,175.5,761.5,5.0,49.7,398.8,2.0,1.9,0.0,0.0,0,0.0,0.0
27,Devin Singletary,BUF,RB,187.1,854.5,5.9,34.1,218.0,1.3,1.7,0.0,0.0,0,0.0,0.0
28,Cordarrelle Patterson,ATL,RB,145.2,608.7,4.5,44.4,425.5,3.0,1.3,0.0,0.0,0,0.0,0.0
29,AJ Dillon,GB,RB,175.3,767.6,5.7,28.7,230.9,1.3,1.4,0.0,0.0,0,0.0,0.0
30,Tony Pollard,DAL,RB,151.0,742.3,3.6,44.4,343.1,1.9,1.4,0.0,0.0,0,0.0,0.0
31,Clyde Edwards-Helaire,KC,RB,162.7,717.5,4.9,36.8,272.1,2.1,1.4,0.0,0.0,0,0.0,0.0
32,Kareem Hunt,CLE,RB,134.3,608.1,4.9,45.6,359.5,2.0,1.2,0.0,0.0,0,0.0,0.0
33,Rashaad Penny,SEA,RB,173.6,846.6,5.6,14.6,108.5,0.3,1.2,0.0,0.0,0,0.0,0.0
34,Melvin Gordon III,DEN,RB,157.6,699.7,6.1,22.2,160.3,1.1,1.8,0.0,0.0,0,0.0,0.0
35,Rhamondre Stevenson,NE,RB,167.9,719.3,5.8,22.7,176.5,0.5,1.4,0.0,0.0,0,0.0,0.0
36,Chase Edmonds,MIA,RB,135.4,614.1,3.2,46.5,327.4,1.6,1.3,0.0,0.0,0,0.0,0.0
37,James Robinson,JAC,RB,146.8,649.6,5.2,22.4,162.5,0.9,1.5,0.0,0.0,0,0.0,0.0
38,Ken Walker III,SEA,RB,157.5,701.8,4.5,20.5,161.2,0.6,1.8,0.0,0.0,0,0.0,0.0
39,Michael Carter,NYJ,RB,122.8,521.7,3.0,34.0,288.6,1.1,1.2,0.0,0.0,0,0.0,0.0
40,Gus Edwards,BAL,RB,139.4,688.7,4.2,11.4,99.2,0.3,1.3,0.0,0.0,0,0.0,0.0
41,Ronald Jones II,KC,RB,137.4,604.1,5.1,14.3,102.1,0.5,1.4,0.0,0.0,0,0.0,0.0
42,Raheem Mostert,MIA,RB,119.0,573.0,3.8,17.9,140.2,0.9,0.8,0.0,0.0,0,0.0,0.0
43,Jamaal Williams,DET,RB,143.1,581.4,3.3,22.2,142.5,0.8,1.2,0.0,0.0,0,0.0,0.0
44,Marlon Mack,HOU,RB,153.0,616.4,3.7,16.1,107.7,0.2,1.2,0.0,0.0,0,0.0,0.0
45,James Cook,BUF,RB,99.1,439.9,3.2,30.0,233.7,1.5,1.3,0.0,0.0,0,0.0,0.0
46,Darrell Henderson Jr.,LAR,RB,113.3,482.4,3.9,21.0,153.2,1.3,1.1,0.0,0.0,0,0.0,0.0
47,Dameon Pierce,HOU,RB,130.1,513.5,3.4,21.9,171.8,0.8,1.8,0.0,0.0,0,0.0,0.0
48,Alexander Mattison,MIN,RB,117.8,489.1,2.8,25.1,184.9,1.0,1.2,0.0,0.0,0,0.0,0.0
49,Mark Ingram II,NO,RB,132.5,509.9,3.7,18.7,133.4,0.6,1.3,0.0,0.0,0,0.0,0.0
50,Kenneth Gainwell,PHI,RB,87.8,381.1,3.9,26.3,202.4,1.2,1.3,0.0,0.0,0,0.0,0.0
51,Nyheim Hines,IND,RB,60.9,277.8,1.7,50.1,386.6,2.0,2.4,0.0,0.0,0,0.0,0.0
52,Kenyan Drake,LV,RB,88.8,377.5,3.1,27.3,217.7,0.9,0.7,0.0,0.0,0,0.0,0.0
53,J.D. McKissic,WAS,RB,55.0,246.8,1.7,46.1,368.7,1.7,0.7,0.0,0.0,0,0.0,0.0
54,Tyler Allgeier,ATL,RB,111.7,444.1,2.7,19.0,153.1,0.7,1.7,0.0,0.0,0,0.0,0.0
55,Isaiah Spiller,LAC,RB,93.6,398.0,2.7,19.7,148.5,1.2,0.6,0.0,0.0,0,0.0,0.0
56,Rachaad White,TB,RB,91.6,373.2,3.5,18.2,141.7,0.8,1.2,0.0,0.0,0,0.0,0.0
57,Darrel Williams,ARI,RB,90.1,343.8,3.0,23.1,195.6,0.8,1.2,0.0,0.0,0,0.0,0.0
58,Rex Burkhead,HOU,RB,80.1,305.3,2.4,29.6,230.0,1.1,0.7,0.0,0.0,0,0.0,0.0
59,Damien Williams,ATL,RB,89.6,361.5,2.8,22.5,160.2,1.0,1.2,0.0,0.0,0,0.0,0.0
60,Brian Robinson Jr.,WAS,RB,94.3,404.8,3.0,13.0,97.4,0.5,1.2,0.0,0.0,0,0.0,0.0
61,James White,NE,RB,37.2,148.0,1.1,43.7,344.8,2.2,0.2,0.0,0.0,0,0.0,0.0
62,Sony Michel,MIA,RB,103.4,431.9,2.5,8.9,57.4,0.2,0.7,0.0,0.0,0,0.0,0.0
63,Khalil Herbert,CHI,RB,89.8,377.8,2.0,13.9,101.0,0.3,1.2,0.0,0.0,0,0.0,0.0
64,Jerick McKinnon,KC,RB,39.1,161.2,1.3,30.3,238.5,1.6,0.3,0.0,0.0,0,0.0,0.0
65,Matt Breida,NYG,RB,77.0,338.5,1.7,12.8,99.2,0.7,1.7,0.0,0.0,0,0.0,0.0
66,Ryan Nall,DAL,RB,109.0,322.0,2.0,10.0,63.0,1.0,1.0,0.0,0.0,0,0.0,0.0
67,Samaje Perine,CIN,RB,68.4,291.9,1.5,17.5,122.0,0.6,0.6,0.0,0.0,0,0.0,0.0
68,Dontrell Hilliard,TEN,RB,47.3,239.4,1.7,25.8,162.3,0.5,0.7,0.0,0.0,0,0.0,0.0
69,D'Onta Foreman,CAR,RB,77.8,327.1,2.2,6.1,56.3,0.1,0.7,0.0,0.0,0,0.0,0.0
70,Boston Scott,PHI,RB,61.4,268.3,2.9,7.3,52.0,0.2,0.2,0.0,0.0,0,0.0,0.0
71,Zamir White,LV,RB,62.3,269.4,2.3,7.5,54.5,0.2,0.3,0.0,0.0,0,0.0,0.0
72,Chuba Hubbard,CAR,RB,61.0,229.4,1.8,15.7,112.7,0.5,0.6,0.0,0.0,0,0.0,0.0
73,Tyrion Davis-Price,SF,RB,53.7,230.7,1.9,5.1,36.5,0.2,0.3,0.0,0.0,0,0.0,0.0
74,Ke'Shawn Vaughn,TB,RB,52.4,220.4,2.2,5.3,35.4,0.1,0.7,0.0,0.0,0,0.0,0.0
75,Kyle Juszczyk,SF,RB,12.9,46.9,0.8,22.7,207.7,1.3,0.1,0.0,0.0,0,0.0,0.0
76,Chris Carson,SEA,RB,45.3,201.1,1.6,9.0,63.2,0.2,0.0,0.0,0.0,0,0.0,0.0
77,Jeff Wilson Jr.,SF,RB,42.4,177.1,1.6,10.5,77.1,0.4,0.2,0.0,0.0,0,0.0,0.0
78,Brandon Bolden,LV,RB,32.3,143.3,0.8,17.8,162.7,0.5,1.0,0.0,0.0,0,0.0,0.0
79,Hassan Haskins,TEN,RB,46.2,202.8,1.2,7.9,60.9,0.3,0.1,0.0,0.0,0,0.0,0.0
80,Craig Reynolds,DET,RB,40.7,180.4,0.7,12.5,94.6,0.5,0.6,0.0,0.0,0,0.0,0.0
81,Giovani Bernard,TB,RB,22.4,86.7,0.5,21.5,145.2,1.2,0.1,0.0,0.0,0,0.0,0.0
82,Jaret Patterson,WAS,RB,44.3,180.7,1.5,7.3,53.4,0.1,1.0,0.0,0.0,0,0.0,0.0
83,Joshua Kelley,LAC,RB,58.3,209.4,1.3,5.9,41.6,0.1,1.6,0.0,0.0,0,0.0,0.0
84,Duke Johnson Jr.,BUF,RB,30.2,148.3,1.2,7.9,72.8,0.3,0.5,0.0,0.0,0,0.0,0.0
85,Phillip Lindsay,IND,RB,41.5,187.7,1.2,3.6,25.9,0.1,0.0,0.0,0.0,0,0.0,0.0
86,Chris Evans,CIN,RB,22.8,94.4,0.5,15.2,113.1,0.8,0.2,0.0,0.0,0,0.0,0.0
87,Benny Snell Jr.,PIT,RB,44.1,169.2,1.0,6.0,42.4,0.2,0.2,0.0,0.0,0,0.0,0.0
88,D'Ernest Johnson,CLE,RB,31.9,155.4,1.1,6.4,48.3,0.1,0.1,0.0,0.0,0,0.0,0.0
89,Tony Jones Jr.,NO,RB,34.7,137.2,1.0,3.9,32.7,0.1,0.0,0.0,0.0,0,0.0,0.0
90,Jermar Jefferson,DET,RB,21.7,98.1,1.4,4.4,30.5,0.1,0.0,0.0,0.0,0,0.0,0.0
91,Snoop Conner,JAC,RB,21.6,89.2,0.7,9.2,68.4,0.3,0.1,0.0,0.0,0,0.0,0.0
92,DeeJay Dallas,SEA,RB,16.2,66.9,0.6,12.5,79.8,0.5,0.2,0.0,0.0,0,0.0,0.0
93,Eno Benjamin,ARI,RB,26.5,108.6,0.8,5.3,38.2,0.1,0.2,0.0,0.0,0,0.0,0.0
94,Zack Moss,BUF,RB,26.3,103.2,0.8,4.6,32.3,0.2,0.0,0.0,0.0,0,0.0,0.0
95,Justice Hill,BAL,RB,27.6,109.1,0.6,7.5,53.4,0.2,1.0,0.0,0.0,0,0.0,0.0
96,Tevin Coleman,NYJ,RB,27.9,109.1,0.5,7.8,53.3,0.2,0.5,0.0,0.0,0,0.0,0.0
97,Travis Homer,SEA,RB,16.9,93.1,0.5,6.4,52.3,0.1,0.0,0.0,0.0,0,0.0,0.0
98,Mike Davis,BAL,RB,24.4,106.9,0.5,5.5,34.6,0.2,0.1,0.0,0.0,0,0.0,0.0
99,Tyler Badie,BAL,RB,25.3,130.1,0.6,2.9,24.0,0.0,0.5,0.0,0.0,0,0.0,0.0
100,Pierre Strong Jr.,NE,RB,23.7,100.8,0.7,4.0,31.6,0.1,0.0,0.0,0.0,0,0.0,0.0
101,Ameer Abdullah,LV,RB,13.0,46.6,0.1,10.9,87.2,0.6,0.0,0.0,0.0,0,0.0,0.0
102,Myles Gaskin,MIA,RB,22.0,88.9,0.7,5.5,39.4,0.1,0.0,0.0,0.0,0,0.0,0.0
103,Gary Brightwell,NYG,RB,20.6,83.7,0.7,6.0,43.0,0.1,0.1,0.0,0.0,0,0.0,0.0
104,Ty'Son Williams,IND,RB,19.9,100.9,0.6,3.5,29.7,0.1,0.0,0.0,0.0,0,0.0,0.0
105,Mike Boone,DEN,RB,15.0,83.2,0.9,3.5,25.1,0.1,0.0,0.0,0.0,0,0.0,0.0
106,Royce Freeman,HOU,RB,17.3,70.7,0.4,8.5,55.5,0.3,0.0,0.0,0.0,0,0.0,0.0
107,Isaih Pacheco,KC,RB,20.0,89.8,0.7,3.6,29.9,0.1,0.0,0.0,0.0,0,0.0,0.0
108,Keaontay Ingram,ARI,RB,23.1,94.0,0.7,3.1,26.9,0.0,0.0,0.0,0.0,0,0.0,0.0
109,Kyren Williams,LAR,RB,18.6,74.9,0.8,4.6,35.1,0.0,0.1,0.0,0.0,0,0.0,0.0
110,Patrick Ricard,BAL,RB,2.7,8.2,0.1,12.1,85.3,1.0,0.0,0.0,0.0,0,0.0,0.0
111,Trestan Ebner,CHI,RB,15.5,65.3,0.5,5.7,41.7,0.2,0.1,0.0,0.0,0,0.0,0.0
112,J.J. Taylor,NE,RB,22.4,65.4,1.2,1.5,8.2,0.1,0.0,0.0,0.0,0,0.0,0.0
113,Kevin Harris,NE,RB,19.6,83.6,0.6,3.0,24.3,0.0,0.0,0.0,0.0,0,0.0,0.0
114,Dare Ogunbowale,HOU,RB,9.6,39.0,0.3,9.0,67.8,0.3,0.1,0.0,0.0,0,0.0,0.0
115,Abram Smith,NO,RB,20.5,85.1,0.6,1.9,13.8,0.1,0.1,0.0,0.0,0,0.0,0.0
116,Jerome Ford,CLE,RB,17.0,86.3,0.5,2.0,18.5,0.0,0.0,0.0,0.0,0,0.0,0.0
117,Rico Dowdle,DAL,RB,16.6,69.2,0.5,3.6,27.3,0.1,0.0,0.0,0.0,0,0.0,0.0
118,Trey Sermon,SF,RB,14.8,60.1,0.5,4.6,30.7,0.2,0.0,0.0,0.0,0,0.0,0.0
119,Demetric Felton Jr.,CLE,RB,4.8,18.9,0.1,6.6,66.9,0.7,0.0,0.0,0.0,0,0.0,0.0
120,Johnny Stanton,CLE,RB,6.7,29.8,0.4,5.3,36.1,0.7,0.0,0.0,0.0,0,0.0,0.0
121,Ty Chandler,MIN,RB,18.0,76.7,0.6,2.0,19.5,0.0,0.0,0.0,0.0,0,0.0,0.0
122,Tory Carter,TEN,RB,9.5,44.5,0.5,6.9,49.4,0.1,0.0,0.0,0.0,0,0.0,0.0
123,JaMycal Hasty,SF,RB,11.0,46.6,0.6,5.9,41.0,0.1,0.0,0.0,0.0,0,0.0,0.0
124,Andy Janovich,HOU,RB,8.7,34.6,0.2,8.2,63.6,0.3,0.0,0.0,0.0,0,0.0,0.0
125,Qadree Ollison,ATL,RB,12.6,51.2,0.4,5.7,39.2,0.2,0.1,0.0,0.0,0,0.0,0.0
126,Kene Nwangwu,MIN,RB,13.8,58.1,0.4,4.3,30.5,0.2,0.1,0.0,0.0,0,0.0,0.0
127,Jake Funk,LAR,RB,14.4,60.3,0.5,3.3,23.7,0.2,0.1,0.0,0.0,0,0.0,0.0
128,Larry Rountree III,LAC,RB,15.5,70.7,0.4,2.6,19.9,0.1,0.0,0.0,0.0,0,0.0,0.0
129,Keith Smith,ATL,RB,8.1,32.7,0.2,7.9,54.2,0.3,0.1,0.0,0.0,0,0.0,0.0
130,Dwayne Washington,NO,RB,14.7,63.6,0.4,2.9,21.1,0.1,0.1,0.0,0.0,0,0.0,0.0
131,Anthony McFarland Jr.,PIT,RB,12.8,53.1,0.4,3.2,23.6,0.1,0.1,0.0,0.0,0,0.0,0.0
132,Ty Johnson,NYJ,RB,8.0,33.4,0.2,5.7,45.0,0.2,0.1,0.0,0.0,0,0.0,0.0
133,Trenton Cannon,TEN,RB,7.5,30.1,0.2,5.7,43.7,0.2,0.0,0.0,0.0,0,0.0,0.0
134,C.J. Ham,MIN,RB,5.4,21.9,0.1,6.5,48.8,0.3,0.1,0.0,0.0,0,0.0,0.0
135,Godwin Igwebuike,DET,RB,8.2,35.0,0.3,4.0,29.4,0.2,0.1,0.0,0.0,0,0.0,0.0
136,Derrick Gore,KC,RB,4.4,17.9,0.2,4.7,36.2,0.3,0.0,0.0,0.0,0,0.0,0.0
137,Patrick Taylor Jr.,GB,RB,8.0,33.8,0.3,3.2,23.0,0.1,0.1,0.0,0.0,0,0.0,0.0
138,Darrynton Evans,CHI,RB,8.2,34.8,0.3,2.7,20.9,0.1,0.1,0.0,0.0,0,0.0,0.0
139,Jakob Johnson,LV,RB,4.0,16.5,0.2,4.4,32.7,0.3,0.1,0.0,0.0,0,0.0,0.0
140,Andrew Beck,DEN,RB,4.7,18.9,0.2,4.4,31.9,0.2,0.0,0.0,0.0,0,0.0,0.0
141,Trey Edmunds,PIT,RB,4.4,17.6,0.2,4.5,32.6,0.2,0.0,0.0,0.0,0,0.0,0.0
142,Jordan Wilkins,TEN,RB,5.2,21.9,0.2,3.9,28.1,0.2,0.0,0.0,0.0,0,0.0,0.0
143,Alec Ingold,MIA,RB,4.3,17.4,0.2,4.4,31.3,0.2,0.1,0.0,0.0,0,0.0,0.0
144,Mekhi Sargent,JAC,RB,4.5,17.8,0.2,4.2,32.0,0.2,0.0,0.0,0.0,0,0.0,0.0
145,Giovanni Ricci,CAR,RB,4.5,18.1,0.1,4.1,31.3,0.2,0.0,0.0,0.0,0,0.0,0.0
146,Kylin Hill,GB,RB,6.6,26.8,0.2,3.2,23.1,0.1,0.0,0.0,0.0,0,0.0,0.0
147,Alex Armah Jr.,WAS,RB,4.8,18.9,0.2,3.9,27.9,0.2,0.0,0.0,0.0,0,0.0,0.0
148,Antonio Williams,NYG,RB,7.4,32.2,0.3,2.1,15.0,0.1,0.1,0.0,0.0,0,0.0,0.0
149,Michael Burton,KC,RB,5.8,23.6,0.3,2.3,17.1,0.2,0.0,0.0,0.0,0,0.0,0.0
150,La'Mical Perine,NYJ,RB,4.3,17.2,0.2,3.9,27.4,0.2,0.0,0.0,0.0,0,0.0,0.0
151,Deon Jackson,IND,RB,8.7,37.4,0.3,1.0,6.9,0.0,0.1,0.0,0.0,0,0.0,0.0
152,Jason Cabinda,DET,RB,3.3,13.6,0.1,4.1,30.2,0.2,0.0,0.0,0.0,0,0.0,0.0
153,Trayveon Williams,CIN,RB,4.4,17.9,0.1,4.2,29.2,0.2,0.0,0.0,0.0,0,0.0,0.0
154,Mataeo Durant,PIT,RB,7.4,30.8,0.2,2.1,14.3,0.1,0.0,0.0,0.0,0,0.0,0.0
155,Ryquell Armstead,JAC,RB,4.9,19.9,0.2,2.8,22.2,0.1,0.0,0.0,0.0,0,0.0,0.0
156,Jason Huntley,PHI,RB,6.6,28.3,0.2,1.7,11.9,0.1,0.1,0.0,0.0,0,0.0,0.0
157,Derek Watt,PIT,RB,2.2,8.7,0.1,4.4,32.9,0.2,0.0,0.0,0.0,0,0.0,0.0
158,Khari Blasingame,CHI,RB,2.4,9.8,0.1,3.8,29.4,0.2,0.0,0.0,0.0,0,0.0,0.0
159,Adam Prentice,NO,RB,4.4,18.7,0.1,2.0,14.7,0.1,0.0,0.0,0.0,0,0.0,0.0
160,Reggie Gilliam,BUF,RB,0.0,0.0,0.0,4.4,32.6,0.2,0.0,0.0,0.0,0,0.0,0.0
161,Nick Bawden,NYJ,RB,0.0,0.0,0.0,4.3,31.5,0.2,0.0,0.0,0.0,0,0.0,0.0
162,Gabe Nabers,LAC,RB,4.4,18.9,0.2,0.0,0.0,0.0,0.0,0.0,0.0,0,0.0,0.0
163,Devine Ozigbo,NO,RB,0.6,2.4,0.0,0.2,1.8,0.0,0.0,0.0,0.0,0,0.0,0.0
164,Damarea Crockett,DEN,RB,0.0,0.0,0.0,0.0,0.0,0.0,0.0,0.0,0.0,0,0.0,0.0
165,Jonathan Williams,WAS,RB,0.0,0.0,0.0,0.0,0.0,0.0,0.0,0.0,0.0,0,0.0,0.0
166,Nathan Cottrell,JAC,RB,0.0,0.0,0.0,0.0,0.0,0.0,0.0,0.0,0.0,0,0.0,0.0
167,John Lovett,MIA,RB,0.0,0.0,0.0,0.0,0.0,0.0,0.0,0.0,0.0,0,0.0,0.0
168,Spencer Brown,BUF,RB,0.0,0.0,0.0,0.0,0.0,0.0,0.0,0.0,0.0,0,0.0,0.0
169,Gerrid Doaks,MIA,RB,0.0,0.0,0.0,0.0,0.0,0.0,0.0,0.0,0.0,0,0.0,0.0
170,Nate McCrary,BAL,RB,0.0,0.0,0.0,0.0,0.0,0.0,0.0,0.0,0.0,0,0.0,0.0
171,Taiwan Jones,BUF,RB,0.0,0.0,0.0,0.0,0.0,0.0,0.0,0.0,0.0,0,0.0,0.0
172,John Kelly,CLE,RB,0.0,0.0,0.0,0.0,0.0,0.0,0.0,0.0,0.0,0,0.0,0.0
173,Salvon Ahmed,MIA,RB,0.0,0.0,0.0,0.0,0.0,0.0,0.0,0.0,0.0,0,0.0,0.0
174,Kenjon Barner,TB,RB,0.0,0.0,0.0,0.0,0.0,0.0,0.0,0.0,0.0,0,0.0,0.0
175,Reggie Bonnafon,WAS,RB,0.0,0.0,0.0,0.0,0.0,0.0,0.0,0.0,0.0,0,0.0,0.0
176,Darius Bradwell,CAR,RB,0.0,0.0,0.0,0.0,0.0,0.0,0.0,0.0,0.0,0,0.0,0.0
177,0,0,RB,0.0,0,0.0,0.0,0,0.0,0.0,0.0,0.0,0,0.0,0.0
178,0,0,RB,0.0,0,0.0,0.0,0,0.0,0.0,0.0,0.0,0,0.0,0.0
1,Cooper Kupp,LAR,WR,4.2,24.4,0.1,120.6,"1,553.4",12.0,0.8,0.0,0.0,0,0.0,0.0
2,Justin Jefferson,MIN,WR,3.3,16.7,0.1,100.8,"1,485.7",9.0,0.8,0.0,0.0,0,0.0,0.0
3,Deebo Samuel,SF,WR,59.0,344.0,4.6,71.0,"1,061.8",5.5,1.6,0.0,0.0,0,0.0,0.0
4,Ja'Marr Chase,CIN,WR,8.4,44.8,0.2,89.0,"1,359.1",9.8,0.9,0.0,0.0,0,0.0,0.0
5,Davante Adams,LV,WR,0.0,0.0,0.0,104.8,"1,299.0",8.3,0.7,0.0,0.0,0,0.0,0.0
6,Stefon Diggs,BUF,WR,0.3,2.5,0.0,101.3,"1,246.1",9.2,0.8,0.0,0.0,0,0.0,0.0
7,Mike Evans,TB,WR,0.3,1.8,0.0,82.8,"1,152.1",10.7,0.7,0.0,0.0,0,0.0,0.0
8,CeeDee Lamb,DAL,WR,6.7,51.8,0.1,91.8,"1,226.0",7.9,0.7,0.0,0.0,0,0.0,0.0
9,Tyreek Hill,MIA,WR,8.4,60.1,0.4,92.1,"1,143.5",7.6,0.8,0.0,0.0,0,0.0,0.0
10,Tee Higgins,CIN,WR,0.3,1.0,0.0,83.1,"1,134.2",7.4,0.8,0.0,0.0,0,0.0,0.0
11,A.J. Brown,PHI,WR,0.5,5.5,0.0,77.7,"1,102.7",7.5,0.7,0.0,0.0,0,0.0,0.0
12,DJ Moore,CAR,WR,4.6,29.6,0.1,87.4,"1,180.2",5.6,0.8,0.0,0.0,0,0.0,0.0
13,Mike Williams,LAC,WR,0.0,0.3,0.0,70.8,"1,056.3",7.8,0.6,0.0,0.0,0,0.0,0.0
14,Michael Pittman Jr.,IND,WR,3.7,28.4,0.0,88.7,"1,100.8",6.4,0.8,0.0,0.0,0,0.0,0.0
15,Keenan Allen,LAC,WR,0.3,0.5,0.0,102.2,"1,101.9",6.8,0.8,0.0,0.0,0,0.0,0.0
16,DK Metcalf,SEA,WR,0.3,1.5,0.0,79.0,"1,072.9",6.7,0.8,0.0,0.0,0,0.0,0.0
17,Diontae Johnson,PIT,WR,4.3,32.8,0.1,94.5,"1,065.1",6.0,1.4,0.0,0.0,0,0.0,0.0
18,Terry McLaurin,WAS,WR,0.3,3.3,0.0,80.2,"1,081.3",6.0,0.7,0.0,0.0,0,0.0,0.0
19,Jerry Jeudy,DEN,WR,1.5,6.8,0.0,77.2,"1,079.4",5.8,0.9,0.0,0.0,0,0.0,0.0
20,Courtland Sutton,DEN,WR,0.3,0.8,0.0,72.3,"1,016.9",6.7,0.7,0.0,0.0,0,0.0,0.0
21,Brandin Cooks,HOU,WR,2.8,19.5,0.1,91.0,"1,069.1",5.4,0.7,0.0,0.0,0,0.0,0.0
22,Gabriel Davis,BUF,WR,0.0,0.0,0.0,58.5,889.0,8.3,0.2,0.0,0.0,0,0.0,0.0
23,Jaylen Waddle,MIA,WR,3.6,20.1,0.4,91.6,989.2,6.1,0.9,0.0,0.0,0,0.0,0.0
24,Chris Godwin,TB,WR,1.8,10.0,0.3,81.6,960.5,6.5,1.3,0.0,0.0,0,0.0,0.0
25,Darnell Mooney,CHI,WR,4.3,22.2,0.3,76.0,"1,023.8",4.7,0.7,0.0,0.0,0,0.0,0.0
26,Amari Cooper,CLE,WR,0.3,0.8,0.0,76.7,971.3,6.2,0.8,0.0,0.0,0,0.0,0.0
27,Allen Robinson II,LAR,WR,0.0,0.0,0.0,73.5,937.4,6.5,0.7,0.0,0.0,0,0.0,0.0
28,Tyler Lockett,SEA,WR,2.1,11.1,0.1,76.8,986.2,5.1,0.7,0.0,0.0,0,0.0,0.0
29,Marquise Brown,ARI,WR,1.4,8.4,0.1,76.0,935.5,5.8,0.9,0.0,0.0,0,0.0,0.0
30,Amon-Ra St. Brown,DET,WR,8.0,56.3,0.5,81.7,882.4,5.3,0.8,0.0,0.0,0,0.0,0.0
31,Michael Thomas,NO,WR,0.3,-1.0,0.0,80.6,944.6,5.7,0.7,0.0,0.0,0,0.0,0.0
32,Adam Thielen,MIN,WR,0.5,1.5,0.0,72.1,798.0,8.0,0.8,0.0,0.0,0,0.0,0.0
33,JuJu Smith-Schuster,KC,WR,2.4,11.6,0.6,75.3,815.5,6.3,0.8,0.0,0.0,0,0.0,0.0
34,Rashod Bateman,BAL,WR,0.0,0.0,0.0,73.5,931.1,5.0,0.8,0.0,0.0,0,0.0,0.0
35,Elijah Moore,NYJ,WR,5.3,44.7,0.6,64.5,823.6,5.3,0.8,0.0,0.0,0,0.0,0.0
36,DeVonta Smith,PHI,WR,0.0,0.0,0.0,64.1,857.8,6.1,0.7,0.0,0.0,0,0.0,0.0
37,Hunter Renfrow,LV,WR,1.5,6.3,0.0,79.4,826.0,5.8,1.0,0.0,0.0,0,0.0,0.0
38,Chase Claypool,PIT,WR,8.9,52.8,0.3,61.0,856.2,4.1,0.7,0.0,0.0,0,0.0,0.0
39,Treylon Burks,TEN,WR,2.6,15.0,0.1,61.1,866.9,4.9,1.2,0.0,0.0,0,0.0,0.0
40,Robert Woods,TEN,WR,7.4,51.5,0.6,68.9,802.2,4.7,0.7,0.0,0.0,0,0.0,0.0
41,Christian Kirk,JAC,WR,0.5,5.0,0.0,72.8,875.3,4.6,0.7,0.0,0.0,0,0.0,0.0
42,Drake London,ATL,WR,0.8,3.0,0.0,64.8,877.2,4.5,1.2,0.0,0.0,0,0.0,0.0
43,Russell Gage,TB,WR,0.3,1.0,0.0,66.5,776.7,5.8,1.3,0.0,0.0,0,0.0,0.0
44,DeVante Parker,NE,WR,0.0,0.0,0.0,57.3,774.9,5.0,0.7,0.0,0.0,0,0.0,0.0
45,Brandon Aiyuk,SF,WR,2.6,16.1,0.0,58.7,763.7,4.9,0.8,0.0,0.0,0,0.0,0.0
46,Robbie Anderson,CAR,WR,3.4,23.9,0.1,58.8,744.4,4.9,0.7,0.0,0.0,0,0.0,0.0
47,Kadarius Toney,NYG,WR,8.0,52.5,0.2,66.8,765.8,4.0,0.8,0.0,0.0,0,0.0,0.0
48,DeAndre Hopkins,ARI,WR,0.0,0.5,0.0,59.1,729.7,5.6,0.7,0.0,0.0,0,0.0,0.0
49,Kenny Golladay,NYG,WR,0.0,0.0,0.0,55.3,800.6,4.4,0.7,0.0,0.0,0,0.0,0.0
50,Michael Gallup,DAL,WR,0.0,0.0,0.0,53.8,744.9,5.1,0.6,0.0,0.0,0,0.0,0.0
51,Tim Patrick,DEN,WR,0.0,0.0,0.0,52.9,720.1,5.4,0.7,0.0,0.0,0,0.0,0.0
52,Allen Lazard,GB,WR,1.8,14.9,0.0,50.5,655.9,6.0,0.6,0.0,0.0,0,0.0,0.0
53,Marquez Valdes-Scantling,KC,WR,0.7,4.0,0.0,43.1,708.5,4.9,0.1,0.0,0.0,0,0.0,0.0
54,Tyler Boyd,CIN,WR,2.3,16.8,0.0,65.3,742.8,4.2,0.7,0.0,0.0,0,0.0,0.0
55,Garrett Wilson,NYJ,WR,1.0,5.7,0.0,53.8,754.2,4.1,1.2,0.0,0.0,0,0.0,0.0
56,Chris Olave,NO,WR,0.5,2.8,0.0,49.6,706.3,4.6,0.7,0.0,0.0,0,0.0,0.0
57,Marvin Jones Jr.,JAC,WR,0.0,0.0,0.0,56.3,663.9,5.0,0.6,0.0,0.0,0,0.0,0.0
58,Jarvis Landry,NO,WR,3.0,15.6,0.3,57.0,696.5,3.9,0.9,0.0,0.0,0,0.0,0.0
59,Mecole Hardman,KC,WR,9.1,59.7,0.5,51.9,646.1,3.9,1.3,0.0,0.0,0,0.0,0.0
60,Jakobi Meyers,NE,WR,0.3,2.3,0.0,68.1,745.3,3.4,0.7,0.0,0.0,0,0.0,0.0
61,Van Jefferson,LAR,WR,2.3,18.8,0.1,45.1,640.6,4.6,0.2,0.0,0.0,0,0.0,0.0
62,Christian Watson,GB,WR,1.5,8.9,0.0,49.2,664.9,4.7,1.2,0.0,0.0,0,0.0,0.0
63,K.J. Osborn,MIN,WR,0.3,2.5,0.0,48.7,629.3,5.0,0.6,0.0,0.0,0,0.0,0.0
64,Jalen Tolbert,DAL,WR,0.5,3.0,0.0,47.1,612.7,4.3,0.7,0.0,0.0,0,0.0,0.0
65,Skyy Moore,KC,WR,0.5,3.0,0.0,45.2,601.9,4.6,1.2,0.0,0.0,0,0.0,0.0
66,DJ Chark Jr.,DET,WR,0.3,2.0,0.0,40.8,584.5,4.2,0.1,0.0,0.0,0,0.0,0.0
67,Rondale Moore,ARI,WR,16.8,82.3,0.5,57.9,553.4,3.0,0.9,0.0,0.0,0,0.0,0.0
68,Jahan Dotson,WAS,WR,0.5,2.8,0.0,48.7,646.8,3.3,1.2,0.0,0.0,0,0.0,0.0
69,Corey Davis,NYJ,WR,0.0,0.0,0.0,44.3,608.5,3.8,0.7,0.0,0.0,0,0.0,0.0
70,Jameson Williams,DET,WR,0.5,2.8,0.0,45.0,613.4,3.6,1.1,0.0,0.0,0,0.0,0.0
71,Curtis Samuel,WAS,WR,13.5,77.7,0.8,43.7,483.9,3.4,0.7,0.0,0.0,0,0.0,0.0
72,George Pickens,PIT,WR,0.5,2.3,0.0,50.4,626.0,3.2,1.2,0.0,0.0,0,0.0,0.0
73,Donovan Peoples-Jones,CLE,WR,0.0,0.0,0.0,39.0,602.6,3.1,0.7,0.0,0.0,0,0.0,0.0
74,Randall Cobb,GB,WR,1.0,3.7,0.0,40.3,506.8,4.5,0.7,0.0,0.0,0,0.0,0.0
75,Nico Collins,HOU,WR,0.0,0.0,0.0,44.7,579.0,3.0,0.2,0.0,0.0,0,0.0,0.0
76,A.J. Green,ARI,WR,0.0,0.0,0.0,38.9,549.8,3.0,0.1,0.0,0.0,0,0.0,0.0
77,Nick Westbrook-Ikhine,TEN,WR,0.0,0.0,0.0,41.0,515.6,3.7,0.7,0.0,0.0,0,0.0,0.0
78,James Washington,DAL,WR,0.5,3.3,0.0,32.3,473.4,4.0,0.1,0.0,0.0,0,0.0,0.0
79,Alec Pierce,IND,WR,0.0,0.0,0.0,39.5,503.8,3.6,0.3,0.0,0.0,0,0.0,0.0
80,Jamison Crowder,BUF,WR,0.3,1.3,0.0,47.6,489.4,3.9,0.7,0.0,0.0,0,0.0,0.0
81,Cedrick Wilson Jr.,MIA,WR,0.8,2.0,0.0,43.0,512.0,3.3,0.8,0.0,0.0,0,0.0,0.0
82,Velus Jones Jr.,CHI,WR,2.1,12.6,0.1,37.9,484.3,3.2,0.3,0.0,0.0,0,0.0,0.0
83,Joshua Palmer,LAC,WR,0.0,0.0,0.0,41.6,483.7,3.5,0.4,0.0,0.0,0,0.0,0.0
84,Parris Campbell,IND,WR,0.8,6.8,0.0,38.7,492.2,3.1,0.1,0.0,0.0,0,0.0,0.0
85,Sterling Shepard,NYG,WR,1.3,5.5,0.0,54.0,528.4,2.6,0.6,0.0,0.0,0,0.0,0.0
86,Kendrick Bourne,NE,WR,5.8,46.8,0.1,36.0,460.9,2.7,0.7,0.0,0.0,0,0.0,0.0
87,John Metchie III,HOU,WR,0.0,0.0,0.0,42.6,507.8,2.6,0.3,0.0,0.0,0,0.0,0.0
88,Sammy Watkins,GB,WR,0.8,4.4,0.0,36.7,479.5,3.0,0.7,0.0,0.0,0,0.0,0.0
89,Devin Duvernay,BAL,WR,3.3,22.0,0.1,42.5,461.6,2.7,0.4,0.0,0.0,0,0.0,0.0
90,Byron Pringle,CHI,WR,0.0,0.0,0.0,38.9,495.8,2.4,0.3,0.0,0.0,0,0.0,0.0
91,Zay Jones,JAC,WR,0.5,0.8,0.0,40.1,465.9,2.6,0.6,0.0,0.0,0,0.0,0.0
92,Nelson Agholor,NE,WR,1.8,9.4,0.1,32.2,434.4,2.6,0.1,0.0,0.0,0,0.0,0.0
93,Dee Eskridge,SEA,WR,6.4,43.7,0.1,33.3,415.0,2.3,0.3,0.0,0.0,0,0.0,0.0
94,Bryan Edwards,ATL,WR,0.0,0.0,0.0,31.6,448.8,2.4,0.1,0.0,0.0,0,0.0,0.0
95,Laviska Shenault Jr.,JAC,WR,12.8,62.1,0.5,35.8,372.5,2.2,0.6,0.0,0.0,0,0.0,0.0
96,Braxton Berrios,NYJ,WR,6.5,39.3,1.1,34.7,356.1,2.0,0.7,0.0,0.0,0,0.0,0.0
97,Darius Slayton,NYG,WR,0.3,-2.8,0.0,29.1,389.5,2.3,0.6,0.0,0.0,0,0.0,0.0
98,David Bell,CLE,WR,0.7,4.3,0.0,29.0,389.5,2.1,0.6,0.0,0.0,0,0.0,0.0
99,Jalen Guyton,LAC,WR,4.7,26.6,0.1,23.3,342.6,2.2,0.1,0.0,0.0,0,0.0,0.0
100,Olamide Zaccheaus,ATL,WR,0.3,0.8,0.0,28.7,364.8,2.0,0.1,0.0,0.0,0,0.0,0.0
101,Jauan Jennings,SF,WR,0.0,0.0,0.0,29.0,312.4,2.8,0.1,0.0,0.0,0,0.0,0.0
102,Terrace Marshall Jr.,CAR,WR,0.0,0.0,0.0,30.4,361.1,2.0,0.3,0.0,0.0,0,0.0,0.0
103,Wan'Dale Robinson,NYG,WR,2.6,16.0,0.1,31.4,354.4,1.6,0.3,0.0,0.0,0,0.0,0.0
104,Isaiah McKenzie,BUF,WR,9.0,53.6,0.4,25.4,247.5,2.1,0.3,0.0,0.0,0,0.0,0.0
105,Amari Rodgers,GB,WR,0.8,5.5,0.0,24.3,315.0,1.9,0.6,0.0,0.0,0,0.0,0.0
106,KJ Hamler,DEN,WR,1.3,5.8,0.0,23.0,306.2,2.0,0.6,0.0,0.0,0,0.0,0.0
107,Chris Conley,HOU,WR,0.0,0.0,0.0,24.4,322.8,1.6,0.3,0.0,0.0,0,0.0,0.0
108,Ja'Marcus Bradley,CLE,WR,0.0,0.0,0.0,25.4,305.9,1.7,0.0,0.0,0.0,0,0.0,0.0
109,Marquez Callaway,NO,WR,2.2,13.3,0.1,19.2,267.6,1.9,0.0,0.0,0.0,0,0.0,0.0
110,Quez Watkins,PHI,WR,0.0,0.0,0.0,22.9,291.7,1.8,0.1,0.0,0.0,0,0.0,0.0
111,Demarcus Robinson,LV,WR,0.0,0.0,0.0,23.5,274.0,2.1,0.2,0.0,0.0,0,0.0,0.0
112,Keelan Cole Sr.,LV,WR,0.0,0.3,0.0,20.2,293.1,1.7,0.0,0.0,0.0,0,0.0,0.0
113,Noah Brown,DAL,WR,0.0,0.3,0.0,24.2,272.3,1.7,0.1,0.0,0.0,0,0.0,0.0
114,Tylan Wallace,BAL,WR,0.0,0.0,0.0,21.5,261.6,1.9,0.2,0.0,0.0,0,0.0,0.0
115,Anthony Schwartz,CLE,WR,1.5,9.1,0.1,19.4,256.7,1.5,0.2,0.0,0.0,0,0.0,0.0
116,Quintez Cephus,DET,WR,0.0,0.0,0.0,17.1,230.0,2.1,0.0,0.0,0.0,0,0.0,0.0
117,Romeo Doubs,GB,WR,0.0,0.0,0.0,17.6,213.3,1.9,0.1,0.0,0.0,0,0.0,0.0
118,Breshad Perriman,TB,WR,0.2,0.8,0.0,14.8,222.0,1.6,0.1,0.0,0.0,0,0.0,0.0
119,Freddie Swain,SEA,WR,0.7,4.0,0.0,20.9,236.6,1.3,0.1,0.0,0.0,0,0.0,0.0
120,Rashard Higgins,CAR,WR,0.0,0.0,0.0,18.1,243.9,1.2,0.1,0.0,0.0,0,0.0,0.0
121,Calvin Austin III,PIT,WR,0.0,0.0,0.0,21.6,242.8,1.2,0.1,0.0,0.0,0,0.0,0.0
122,Phillip Dorsett II,HOU,WR,1.1,6.6,0.0,18.8,229.5,1.2,0.1,0.0,0.0,0,0.0,0.0
123,Tyquan Thornton,NE,WR,0.0,0.0,0.0,17.3,205.1,1.3,0.1,0.0,0.0,0,0.0,0.0
124,Keke Coutee,IND,WR,0.0,0.0,0.0,17.8,204.1,1.3,0.0,0.0,0.0,0,0.0,0.0
125,James Proche II,BAL,WR,0.0,0.0,0.0,17.5,214.6,1.1,0.2,0.0,0.0,0,0.0,0.0
126,Josh Reynolds,DET,WR,0.0,0.0,0.0,14.2,188.4,1.5,0.1,0.0,0.0,0,0.0,0.0
127,Tutu Atwell,LAR,WR,0.0,0.0,0.0,14.6,183.5,1.3,0.2,0.0,0.0,0,0.0,0.0
128,Equanimeous St. Brown,CHI,WR,0.0,0.0,0.0,12.5,182.8,1.1,0.1,0.0,0.0,0,0.0,0.0
129,Ben Skowronek,LAR,WR,0.0,0.0,0.0,13.0,160.8,1.4,0.1,0.0,0.0,0,0.0,0.0
130,Antoine Wesley,ARI,WR,0.0,0.0,0.0,13.1,163.9,1.3,0.1,0.0,0.0,0,0.0,0.0
131,Zach Pascal,PHI,WR,0.0,0.0,0.0,13.4,159.2,1.4,0.1,0.0,0.0,0,0.0,0.0
132,Juwann Winfree,GB,WR,0.0,0.0,0.0,14.4,167.7,1.2,0.0,0.0,0.0,0,0.0,0.0
133,Jamal Agnew,JAC,WR,8.6,56.3,0.4,10.4,118.9,0.7,0.1,0.0,0.0,0,0.0,0.0
134,Miles Boykin,PIT,WR,0.0,0.0,0.0,13.2,162.8,1.1,0.0,0.0,0.0,0,0.0,0.0
135,Dyami Brown,WAS,WR,0.0,0.0,0.0,12.9,160.1,1.0,0.1,0.0,0.0,0,0.0,0.0
136,Damiere Byrd,ATL,WR,0.0,0.0,0.0,15.0,172.6,0.8,0.1,0.0,0.0,0,0.0,0.0
137,Simi Fehoko,DAL,WR,0.0,0.0,0.0,11.0,155.0,1.0,0.0,0.0,0.0,0,0.0,0.0
138,Chad Beebe,HOU,WR,0.0,0.0,0.0,14.0,166.4,0.8,0.0,0.0,0.0,0,0.0,0.0
139,Ihmir Smith-Marsette,MIN,WR,0.0,0.0,0.0,12.2,145.4,1.0,0.1,0.0,0.0,0,0.0,0.0
140,Dazz Newsome,CHI,WR,0.0,0.0,0.0,11.9,153.2,0.8,0.0,0.0,0.0,0,0.0,0.0
141,Trent Sherfield,MIA,WR,0.0,0.0,0.0,12.7,149.9,0.9,0.1,0.0,0.0,0,0.0,0.0
142,Cam Sims,WAS,WR,0.0,0.0,0.0,11.5,152.0,0.9,0.0,0.0,0.0,0,0.0,0.0
143,Dez Fitzpatrick,TEN,WR,0.0,0.0,0.0,12.0,146.7,0.9,0.0,0.0,0.0,0,0.0,0.0
144,Ashton Dulin,IND,WR,1.5,10.0,0.1,10.2,128.5,0.9,0.1,0.0,0.0,0,0.0,0.0
145,Laquon Treadwell,JAC,WR,0.0,0.0,0.0,11.9,140.8,0.9,0.1,0.0,0.0,0,0.0,0.0
146,Tyler Johnson,TB,WR,0.0,0.0,0.0,10.9,133.4,1.0,0.0,0.0,0.0,0,0.0,0.0
147,Cody Hollister,TEN,WR,0.0,0.0,0.0,11.3,135.0,0.9,0.0,0.0,0.0,0,0.0,0.0
148,Danny Gray,SF,WR,0.0,0.0,0.0,11.7,135.2,0.9,0.1,0.0,0.0,0,0.0,0.0
149,Cyril Grayson Jr.,TB,WR,0.0,0.0,0.0,10.2,128.8,0.9,0.1,0.0,0.0,0,0.0,0.0
150,Erik Ezukanma,MIA,WR,0.0,0.0,0.0,10.9,122.2,1.0,0.1,0.0,0.0,0,0.0,0.0
151,Jakeem Grant Sr.,CLE,WR,1.1,6.6,0.0,11.1,124.2,0.7,0.0,0.0,0.0,0,0.0,0.0
152,Ty Montgomery,NE,WR,9.7,56.9,0.5,7.4,62.9,0.5,0.0,0.0,0.0,0,0.0,0.0
153,N'Keal Harry,CHI,WR,0.0,0.0,0.0,10.3,124.8,0.8,0.1,0.0,0.0,0,0.0,0.0
154,Brandon Zylstra,CAR,WR,0.0,0.0,0.0,10.6,130.7,0.6,0.1,0.0,0.0,0,0.0,0.0
155,Javon Wims,CLE,WR,0.0,0.0,0.0,10.7,121.5,0.7,0.0,0.0,0.0,0,0.0,0.0
156,Jalen Reagor,PHI,WR,4.7,25.7,0.2,7.4,82.6,0.6,0.2,0.0,0.0,0,0.0,0.0
157,Albert Wilson,MIN,WR,4.4,27.7,0.2,7.6,78.4,0.6,0.0,0.0,0.0,0,0.0,0.0
158,Kalif Raymond,DET,WR,0.7,4.2,0.0,7.7,101.9,0.7,0.1,0.0,0.0,0,0.0,0.0
159,Lynn Bowden Jr.,MIA,WR,4.5,28.5,0.2,7.3,73.3,0.5,0.0,0.0,0.0,0,0.0,0.0
160,Ray-Ray McCloud,SF,WR,0.0,0.0,0.0,10.1,94.8,0.8,0.0,0.0,0.0,0,0.0,0.0
161,Chris Moore,HOU,WR,0.0,0.0,0.0,9.9,108.7,0.5,0.0,0.0,0.0,0,0.0,0.0
162,Marcus Johnson,SF,WR,0.0,0.0,0.0,7.5,92.2,0.7,0.0,0.0,0.0,0,0.0,0.0
163,Khalil Shakir,BUF,WR,1.0,6.0,0.1,6.4,81.3,0.7,0.0,0.0,0.0,0,0.0,0.0
164,Richie James Jr.,NYG,WR,0.0,0.0,0.0,8.0,100.1,0.5,0.1,0.0,0.0,0,0.0,0.0
165,Deonte Harris,NO,WR,1.3,11.0,0.0,6.4,78.9,0.6,0.0,0.0,0.0,0,0.0,0.0
166,Samori Toure,GB,WR,0.0,0.0,0.0,6.8,80.6,0.7,0.0,0.0,0.0,0,0.0,0.0
167,Tre'Quan Smith,NO,WR,0.0,0.0,0.0,6.6,82.9,0.6,0.1,0.0,0.0,0,0.0,0.0
168,Penny Hart,SEA,WR,0.0,0.0,0.0,7.9,84.5,0.5,0.0,0.0,0.0,0,0.0,0.0
169,Scotty Miller,TB,WR,0.2,1.5,0.0,6.2,78.6,0.5,0.1,0.0,0.0,0,0.0,0.0
170,Anthony Miller,PIT,WR,0.0,0.0,0.0,7.4,79.3,0.5,0.0,0.0,0.0,0,0.0,0.0
171,DeAndre Carter,LAC,WR,0.0,0.0,0.0,6.6,77.1,0.6,0.1,0.0,0.0,0,0.0,0.0
172,Kristian Wilkerson,NE,WR,0.0,0.0,0.0,6.7,78.4,0.5,0.0,0.0,0.0,0,0.0,0.0
173,Christian Blake,ARI,WR,0.0,0.0,0.0,7.0,79.9,0.5,0.0,0.0,0.0,0,0.0,0.0
174,Racey McMath,TEN,WR,0.0,0.0,0.0,6.5,78.6,0.5,0.1,0.0,0.0,0,0.0,0.0
175,Kyle Philips,TEN,WR,0.0,0.0,0.0,6.5,76.3,0.5,0.0,0.0,0.0,0,0.0,0.0
176,Keelan Doss,NYG,WR,0.0,0.0,0.0,7.2,79.4,0.4,0.0,0.0,0.0,0,0.0,0.0
177,Josh Malone,TEN,WR,0.0,0.0,0.0,6.3,73.9,0.5,0.0,0.0,0.0,0,0.0,0.0
178,Nsimba Webster,CHI,WR,0.0,0.0,0.0,6.0,77.0,0.4,0.0,0.0,0.0,0,0.0,0.0
179,Andre Roberts,CAR,WR,0.0,0.0,0.0,5.9,73.0,0.4,0.0,0.0,0.0,0,0.0,0.0
180,T.J. Vasher,DAL,WR,0.0,0.0,0.0,5.6,64.9,0.6,0.0,0.0,0.0,0,0.0,0.0
181,Tajae Sharpe,CHI,WR,0.0,0.0,0.0,5.9,71.4,0.4,0.0,0.0,0.0,0,0.0,0.0
182,Mack Hollins,LV,WR,0.0,0.0,0.0,5.1,65.0,0.5,0.0,0.0,0.0,0,0.0,0.0
183,Mike Strachan,IND,WR,0.0,0.0,0.0,5.8,68.1,0.5,0.0,0.0,0.0,0,0.0,0.0
184,Trent Taylor,CIN,WR,0.0,0.0,0.0,6.2,64.3,0.5,0.0,0.0,0.0,0,0.0,0.0
185,Jaelon Darden,TB,WR,0.0,0.0,0.0,5.3,62.2,0.5,0.0,0.0,0.0,0,0.0,0.0
186,Bisi Johnson,MIN,WR,0.0,0.0,0.0,5.4,58.9,0.5,0.1,0.0,0.0,0,0.0,0.0
187,Marquise Goodwin,SEA,WR,0.0,0.0,0.0,4.8,66.8,0.3,0.0,0.0,0.0,0,0.0,0.0
188,Mike Thomas,CIN,WR,0.0,0.0,0.0,5.1,58.5,0.4,0.0,0.0,0.0,0,0.0,0.0
189,Dezmon Patmon,IND,WR,0.0,0.0,0.0,5.0,59.5,0.4,0.0,0.0,0.0,0,0.0,0.0
190,Jeff Smith,NYJ,WR,0.0,0.0,0.0,5.3,62.8,0.3,0.0,0.0,0.0,0,0.0,0.0
191,Shi Smith,CAR,WR,0.0,0.0,0.0,5.0,61.2,0.3,0.0,0.0,0.0,0,0.0,0.0
192,Tyron Johnson,LV,WR,0.0,0.0,0.0,4.5,57.2,0.4,0.0,0.0,0.0,0,0.0,0.0
193,Isaiah Coulter,CHI,WR,0.0,0.0,0.0,4.5,58.2,0.3,0.0,0.0,0.0,0,0.0,0.0
194,Denzel Mims,NYJ,WR,0.0,0.0,0.0,4.5,57.8,0.3,0.0,0.0,0.0,0,0.0,0.0
195,Josh Gordon,KC,WR,0.0,0.0,0.0,3.4,53.1,0.4,0.0,0.0,0.0,0,0.0,0.0
196,Tyrie Cleveland,DEN,WR,0.0,0.0,0.0,4.3,50.0,0.4,0.0,0.0,0.0,0,0.0,0.0
197,KhaDarel Hodge,ATL,WR,0.0,0.0,0.0,4.6,56.2,0.3,0.0,0.0,0.0,0,0.0,0.0
198,Preston Williams,MIA,WR,0.0,0.0,0.0,4.2,49.7,0.4,0.0,0.0,0.0,0,0.0,0.0
199,Stanley Morgan Jr.,CIN,WR,0.0,0.0,0.0,4.3,48.5,0.3,0.0,0.0,0.0,0,0.0,0.0
200,Justin Watson,KC,WR,0.0,0.0,0.0,3.9,45.5,0.4,0.0,0.0,0.0,0,0.0,0.0
201,Malik Taylor,GB,WR,0.0,0.0,0.0,3.6,43.2,0.3,0.0,0.0,0.0,0,0.0,0.0
202,Seth Williams,DEN,WR,0.0,0.0,0.0,3.7,42.5,0.3,0.0,0.0,0.0,0,0.0,0.0
203,Corey Coleman,KC,WR,0.0,0.0,0.0,3.4,42.4,0.3,0.0,0.0,0.0,0,0.0,0.0
204,Kendall Hinton,DEN,WR,0.0,0.0,0.0,3.7,42.3,0.3,0.0,0.0,0.0,0,0.0,0.0
205,Greg Dortch,ARI,WR,0.0,0.0,0.0,3.8,44.6,0.3,0.0,0.0,0.0,0,0.0,0.0
206,Marquez Stevenson,BUF,WR,0.0,0.0,0.0,3.5,41.1,0.3,0.0,0.0,0.0,0,0.0,0.0
207,Trenton Irwin,CIN,WR,0.0,0.0,0.0,3.6,40.1,0.3,0.0,0.0,0.0,0,0.0,0.0
208,Lil'Jordan Humphrey,NE,WR,0.0,0.0,0.0,3.4,42.5,0.3,0.0,0.0,0.0,0,0.0,0.0
209,Jalen Nailor,MIN,WR,0.0,0.0,0.0,3.4,39.9,0.3,0.0,0.0,0.0,0,0.0,0.0
210,David Moore,CHI,WR,0.0,0.0,0.0,2.9,43.4,0.2,0.0,0.0,0.0,0,0.0,0.0
211,Greg Ward,PHI,WR,0.0,0.0,0.0,4.0,34.9,0.3,0.0,0.0,0.0,0,0.0,0.0
212,Malik Turner,SF,WR,0.0,0.0,0.0,3.2,35.2,0.3,0.0,0.0,0.0,0,0.0,0.0
213,Dax Milne,WAS,WR,0.0,0.0,0.0,3.3,38.8,0.2,0.0,0.0,0.0,0,0.0,0.0
214,Dante Pettis,CHI,WR,0.0,0.0,0.0,2.9,40.8,0.2,0.0,0.0,0.0,0,0.0,0.0
215,Andy Isabella,ARI,WR,0.0,0.0,0.0,3.0,37.1,0.2,0.0,0.0,0.0,0,0.0,0.0
216,Steven Sims Jr.,PIT,WR,0.0,0.0,0.0,3.7,39.3,0.2,0.0,0.0,0.0,0,0.0,0.0
217,KeeSean Johnson,SF,WR,0.0,0.0,0.0,3.0,30.9,0.3,0.0,0.0,0.0,0,0.0,0.0
218,Cody Core,MIA,WR,0.0,0.0,0.0,3.5,37.8,0.2,0.0,0.0,0.0,0,0.0,0.0
219,Trinity Benson,DET,WR,0.0,0.0,0.0,3.4,39.8,0.2,0.0,0.0,0.0,0,0.0,0.0
220,Collin Johnson,NYG,WR,0.0,0.0,0.0,3.5,39.5,0.2,0.0,0.0,0.0,0,0.0,0.0
221,Daurice Fountain,KC,WR,0.0,0.0,0.0,2.9,33.6,0.3,0.0,0.0,0.0,0,0.0,0.0
222,J.J. Arcega-Whiteside,PHI,WR,0.0,0.0,0.0,3.0,35.3,0.2,0.0,0.0,0.0,0,0.0,0.0
223,Jason Moore Jr.,LAC,WR,0.0,0.0,0.0,2.8,34.2,0.3,0.0,0.0,0.0,0,0.0,0.0
224,David Sills V,NYG,WR,0.0,0.0,0.0,3.5,38.7,0.2,0.0,0.0,0.0,0,0.0,0.0
225,Frank Darby,ATL,WR,0.0,0.0,0.0,3.2,36.4,0.2,0.0,0.0,0.0,0,0.0,0.0
226,Auden Tate,ATL,WR,0.0,0.0,0.0,2.9,35.2,0.2,0.0,0.0,0.0,0,0.0,0.0
227,Travis Fulgham,DEN,WR,0.0,0.0,0.0,2.6,31.1,0.3,0.0,0.0,0.0,0,0.0,0.0
228,Geronimo Allison,ATL,WR,0.0,0.0,0.0,3.2,35.8,0.2,0.0,0.0,0.0,0,0.0,0.0
229,Cameron Batson,ATL,WR,0.0,0.0,0.0,3.2,35.6,0.2,0.0,0.0,0.0,0,0.0,0.0
230,Cody Thompson,SEA,WR,0.0,0.0,0.0,3.2,34.6,0.2,0.0,0.0,0.0,0,0.0,0.0
231,Justyn Ross,KC,WR,0.0,0.0,0.0,1.9,21.3,0.2,0.0,0.0,0.0,0,0.0,0.0
232,Brandon Powell,LAR,WR,0.0,0.0,0.0,1.8,20.3,0.2,0.0,0.0,0.0,0,0.0,0.0
233,Tre Nixon,NE,WR,0.0,0.0,0.0,1.7,19.2,0.1,0.0,0.0,0.0,0,0.0,0.0
234,Bo Melton,SEA,WR,0.0,0.0,0.0,1.7,18.7,0.1,0.0,0.0,0.0,0,0.0,0.0
235,Gunner Olszewski,PIT,WR,0.0,0.0,0.0,0.8,9.3,0.0,0.0,0.0,0.0,0,0.0,0.0
236,Devin Funchess,DET,WR,0.0,0.0,0.0,0.4,4.5,0.0,0.0,0.0,0.0,0,0.0,0.0
237,Tavon Austin,BUF,WR,0.0,0.0,0.0,0.0,0.0,0.0,0.0,0.0,0.0,0,0.0,0.0
238,Antonio Gandy-Golden,WAS,WR,0.0,0.0,0.0,0.0,0.0,0.0,0.0,0.0,0.0,0,0.0,0.0
239,Kirk Merritt,NO,WR,0.0,0.0,0.0,0.0,0.0,0.0,0.0,0.0,0.0,0,0.0,0.0
240,Deon Cain,PHI,WR,0.0,0.0,0.0,0.0,0.0,0.0,0.0,0.0,0.0,0,0.0,0.0
241,Joe Reed,LAC,WR,0.0,0.0,0.0,0.0,0.0,0.0,0.0,0.0,0.0,0,0.0,0.0
242,Rico Gafford,GB,WR,0.0,0.0,0.0,0.0,0.0,0.0,0.0,0.0,0.0,0,0.0,0.0
243,Kevin White,NO,WR,0.0,0.0,0.0,0.0,0.0,0.0,0.0,0.0,0.0,0,0.0,0.0
244,Austin Mack,SF,WR,0.0,0.0,0.0,0.0,0.0,0.0,0.0,0.0,0.0,0,0.0,0.0
245,Tanner Gentry,BUF,WR,0.0,0.0,0.0,0.0,0.0,0.0,0.0,0.0,0.0,0,0.0,0.0
246,Robert Foster,NYG,WR,0.0,0.0,0.0,0.0,0.0,0.0,0.0,0.0,0.0,0,0.0,0.0
247,Lawrence Cager,NYJ,WR,0.0,0.0,0.0,0.0,0.0,0.0,0.0,0.0,0.0,0,0.0,0.0
248,J.J. Koski,LAR,WR,0.0,0.0,0.0,0.0,0.0,0.0,0.0,0.0,0.0,0,0.0,0.0
249,Mason Kinsey,TEN,WR,0.0,0.0,0.0,0.0,0.0,0.0,0.0,0.0,0.0,0,0.0,0.0
250,Kelvin Harmon,WAS,WR,0.0,0.0,0.0,0.0,0.0,0.0,0.0,0.0,0.0,0,0.0,0.0
251,Maurice Ffrench,LAC,WR,0.0,0.0,0.0,0.0,0.0,0.0,0.0,0.0,0.0,0,0.0,0.0
252,C.J. Board,NYG,WR,0.0,0.0,0.0,0.0,0.0,0.0,0.0,0.0,0.0,0,0.0,0.0
253,Tom Kennedy,DET,WR,0.0,0.0,0.0,0.0,0.0,0.0,0.0,0.0,0.0,0,0.0,0.0
254,Alex Erickson,WAS,WR,0.0,0.0,0.0,0.0,0.0,0.0,0.0,0.0,0.0,0,0.0,0.0
255,Dan Chisena,MIN,WR,0.0,0.0,0.0,0.0,0.0,0.0,0.0,0.0,0.0,0,0.0,0.0
256,River Cracraft,MIA,WR,0.0,0.0,0.0,0.0,0.0,0.0,0.0,0.0,0.0,0,0.0,0.0
257,John Hightower,PHI,WR,0.0,0.0,0.0,0.0,0.0,0.0,0.0,0.0,0.0,0,0.0,0.0
258,Vyncint Smith,TB,WR,0.0,0.0,0.0,0.0,0.0,0.0,0.0,0.0,0.0,0,0.0,0.0
259,0,0,WR,0.0,0,0.0,0.0,0,0.0,0.0,0.0,0.0,0,0.0,0.0
260,0,0,WR,0.0,0,0.0,0.0,0,0.0,0.0,0.0,0.0,0,0.0,0.0
1,Josh Allen,BUF,QB,120.0,670.1,6.9,0.0,0,0.0,3.8,607.7,389.0,"4,334.2",35.1,14.5
2,Patrick Mahomes II,KC,QB,66.5,355.2,2.8,0.0,0,0.0,3.6,631.8,416.4,"4,680.2",36.0,11.6
3,Justin Herbert,LAC,QB,64.6,299.1,3.2,0.0,0,0.0,1.9,626.1,415.6,"4,607.2",34.0,13.1
4,Lamar Jackson,BAL,QB,159.4,936.6,4.4,0.0,0,0.0,4.3,519.9,335.6,"3,686.3",24.9,13.8
5,Jalen Hurts,PHI,QB,140.3,741.1,7.9,0.0,0,0.0,3.4,495.9,306.2,"3,552.3",24.6,12.9
6,Kyler Murray,ARI,QB,108.7,535.9,5.7,0.0,0,0.0,3.0,566.6,381.2,"4,149.5",26.5,12.3
7,Tom Brady,TB,QB,27.5,53.8,1.8,0.0,0,0.0,3.2,653.0,432.1,"4,696.5",37.1,12.0
8,Dak Prescott,DAL,QB,56.1,223.9,2.6,0.0,0,0.0,5.5,598.8,402.6,"4,489.3",34.0,11.2
9,Aaron Rodgers,GB,QB,38.1,144.5,1.9,0.0,0,0.0,2.1,562.6,378.1,"4,216.2",33.3,6.7
10,Matthew Stafford,LAR,QB,33.7,87.0,1.2,0.0,0,0.0,2.7,588.8,394.0,"4,559.7",34.1,14.4
11,Russell Wilson,DEN,QB,61.5,293.9,2.2,0.0,0,0.0,3.1,551.7,363.4,"4,191.9",29.9,9.6
12,Joe Burrow,CIN,QB,45.9,183.9,2.3,0.0,0,0.0,2.3,567.3,383.8,"4,416.6",30.2,12.1
13,Trey Lance,SF,QB,112.9,513.6,4.5,0.0,0,0.0,2.0,476.5,296.6,"3,562.6",23.7,13.3
14,Kirk Cousins,MIN,QB,28.7,106.9,1.0,0.0,0,0.0,3.9,577.6,380.1,"4,285.1",31.3,11.3
15,Derek Carr,LV,QB,39.1,136.8,1.2,0.0,0,0.0,4.9,598.3,401.4,"4,495.1",27.6,12.7
16,Tua Tagovailoa,MIA,QB,55.6,198.6,2.8,0.0,0,0.0,2.7,575.1,378.5,"3,978.9",25.2,14.4
17,Ryan Tannehill,TEN,QB,56.9,272.0,4.0,0.0,0,0.0,3.5,516.9,341.4,"3,690.2",24.1,13.6
18,Trevor Lawrence,JAC,QB,72.8,331.2,2.1,0.0,0,0.0,4.1,578.1,364.4,"3,921.9",22.7,14.0
19,Justin Fields,CHI,QB,109.1,580.8,3.6,0.0,0,0.0,6.7,506.5,310.5,"3,513.0",19.2,15.7
20,Daniel Jones,NYG,QB,85.0,435.3,2.8,0.0,0,0.0,6.1,544.2,344.4,"3,635.0",20.9,14.9
21,Matt Ryan,IND,QB,34.5,111.3,1.4,0.0,0,0.0,4.5,534.2,349.8,"3,832.3",25.3,11.3
22,Zach Wilson,NYJ,QB,41.7,227.1,2.5,0.0,0,0.0,2.3,558.4,337.9,"3,672.2",21.7,14.2
23,Carson Wentz,WAS,QB,57.1,226.2,1.8,0.0,0,0.0,4.7,538.5,342.5,"3,654.2",22.4,11.5
24,Mac Jones,NE,QB,37.1,127.4,0.5,0.0,0,0.0,2.8,536.2,353.5,"3,825.7",24.1,14.5
25,Jameis Winston,NO,QB,57.0,257.5,1.6,0.0,0,0.0,3.5,464.9,291.4,"3,327.3",23.0,11.7
26,Jared Goff,DET,QB,31.9,96.5,1.1,0.0,0,0.0,5.1,561.8,367.1,"3,808.2",23.8,12.4
27,Davis Mills,HOU,QB,33.8,120.7,0.9,0.0,0,0.0,2.2,532.0,345.9,"3,677.3",19.8,14.5
28,Baker Mayfield,CAR,QB,41.4,145.2,1.2,0.0,0,0.0,3.4,502.5,311.7,"3,435.5",18.4,13.6
29,Marcus Mariota,ATL,QB,56.0,300.7,2.1,0.0,0,0.0,1.1,423.7,267.2,"2,949.2",15.7,11.9
30,Deshaun Watson,CLE,QB,57.4,298.9,3.0,0.0,0,0.0,2.1,301.7,201.5,"2,361.9",15.4,6.7
31,Mitchell Trubisky,PIT,QB,32.4,128.4,1.2,0.0,0,0.0,1.5,331.7,214.5,"2,142.6",12.7,8.1
32,Drew Lock,SEA,QB,24.3,106.2,1.2,0.0,0,0.0,1.9,272.4,170.1,"1,899.9",10.5,7.0
33,Kenny Pickett,PIT,QB,26.2,94.9,0.8,0.0,0,0.0,1.8,293.1,181.1,"1,930.4",11.1,8.2
34,Geno Smith,SEA,QB,22.2,89.6,0.7,0.0,0,0.0,2.2,269.4,171.3,"1,886.5",10.6,7.0
35,Jacoby Brissett,CLE,QB,22.9,89.2,0.9,0.0,0,0.0,2.1,225.6,141.7,"1,533.1",9.3,5.3
36,Desmond Ridder,ATL,QB,22.7,101.5,0.7,0.0,0,0.0,1.1,172.3,105.5,"1,190.4",6.4,4.7
37,Sam Darnold,CAR,QB,5.1,25.1,0.4,0.0,0,0.0,0.4,84.7,51.1,554.8,3.5,2.8
38,Andy Dalton,NO,QB,4.5,15.3,0.0,0.0,0,0.0,0.2,66.0,41.6,461.2,3.2,1.8
39,Tyrod Taylor,NYG,QB,5.4,28.6,0.2,0.0,0,0.0,0.3,42.7,26.1,290.2,1.9,1.2
40,Taysom Hill,NO,QB,23.1,112.3,1.4,0.0,0,0.0,1.0,8.0,5.1,55.5,0.2,0.2
41,Tyler Huntley,BAL,QB,9.2,49.8,0.2,0.0,0,0.0,0.3,33.8,22.2,240.4,1.6,1.3
42,Teddy Bridgewater,MIA,QB,4.3,15.3,0.1,0.0,0,0.0,0.2,36.6,24.2,259.0,1.6,0.8
43,Gardner Minshew II,PHI,QB,5.3,24.4,0.1,0.0,0,0.0,0.2,33.3,21.5,236.5,1.5,0.7
44,Jimmy Garoppolo,SF,QB,1.3,1.7,0.0,0.0,0,0.0,0.0,31.3,21.3,251.0,1.7,1.0
45,Kyle Allen,HOU,QB,2.1,8.2,0.1,0.0,0,0.0,1.0,41.5,26.3,288.7,1.5,1.2
46,Taylor Heinicke,WAS,QB,3.2,15.2,0.0,0.0,0,0.0,0.1,26.0,16.5,182.1,1.5,0.9
47,Joe Flacco,NYJ,QB,1.9,6.8,0.0,0.0,0,0.0,0.7,33.2,21.1,234.0,1.5,0.8
48,Trevor Siemian,CHI,QB,2.7,8.7,0.0,0.0,0,0.0,0.1,31.4,18.7,210.4,1.0,0.7
49,Colt McCoy,ARI,QB,3.0,9.5,0.0,0.0,0,0.0,0.2,28.1,18.2,196.6,1.1,0.7
50,Cooper Rush,DAL,QB,2.1,3.0,0.0,0.0,0,0.0,0.1,26.6,16.4,187.8,1.2,0.5
51,Malik Willis,TEN,QB,3.1,17.1,0.1,0.0,0,0.0,0.2,25.9,16.1,173.2,0.9,1.0
52,Jordan Love,GB,QB,2.4,11.4,0.0,0.0,0,0.0,0.2,25.7,15.0,171.8,1.0,0.8
53,Brian Hoyer,NE,QB,1.6,1.7,0.0,0.0,0,0.0,0.1,21.3,13.3,150.9,1.1,0.5
54,Josh Johnson,DEN,QB,2.2,10.4,0.0,0.0,0,0.0,0.1,19.0,12.2,139.1,0.9,0.4
55,Kyle Trask,TB,QB,1.0,3.0,0.0,0.0,0,0.0,0.0,22.0,13.0,134.0,1.0,0.0
56,C.J. Beathard,JAC,QB,1.4,5.8,0.0,0.0,0,0.0,0.7,22.9,14.1,155.9,1.1,0.5
57,Case Keenum,BUF,QB,1.0,4.1,0.0,0.0,0,0.0,0.1,18.9,11.9,134.2,1.0,0.4
58,Blaine Gabbert,TB,QB,1.0,3.6,0.0,0.0,0,0.0,0.3,21.2,13.2,145.6,1.0,0.4
59,Tim Boyle,DET,QB,1.6,6.0,0.0,0.0,0,0.0,0.1,22.5,13.8,148.3,0.9,0.8
60,Brett Rypien,DEN,QB,1.5,4.0,0.0,0.0,0,0.0,0.0,17.5,10.5,122.0,1.0,0.5
61,Sean Mannion,MIN,QB,1.9,6.8,0.0,0.0,0,0.0,0.1,19.4,11.2,126.2,0.9,0.6
62,Jarrett Stidham,LV,QB,1.8,4.1,0.0,0.0,0,0.0,0.1,19.9,12.9,139.4,0.8,0.7
63,John Wolford,LAR,QB,2.1,9.0,0.0,0.0,0,0.0,0.1,19.5,12.0,133.3,0.7,0.5
64,Nick Foles,IND,QB,1.6,7.6,0.0,0.0,0,0.0,0.1,17.5,11.2,121.3,0.8,0.7
65,Chad Henne,KC,QB,1.9,4.3,0.0,0.0,0,0.0,0.2,18.8,12.0,131.1,0.8,0.5
66,Matt Corral,CAR,QB,1.1,4.1,0.0,0.0,0,0.0,0.1,19.5,11.8,125.9,0.8,0.8
67,Brandon Allen,CIN,QB,1.4,5.7,0.0,0.0,0,0.0,0.1,16.9,10.7,121.5,0.7,0.5
68,Chase Daniel,LAC,QB,1.4,4.2,0.0,0.0,0,0.0,0.1,17.5,10.7,118.6,0.7,0.5
69,Joshua Dobbs,CLE,QB,2.6,11.9,0.0,0.0,0,0.0,0.0,12.2,8.3,72.0,0.6,0.1
70,Nate Sudfeld,SF,QB,0.6,2.4,0.0,0.0,0,0.0,0.2,14.1,8.7,95.2,0.6,0.5
71,Mason Rudolph,PIT,QB,2.0,7.5,0.0,0.0,0,0.0,0.0,13.5,8.5,81.0,0.5,0.5
72,Nick Mullens,LV,QB,1.3,1.7,0.0,0.0,0,0.0,1.0,15.7,10.0,115.3,0.7,0.7
73,Mike White,NYJ,QB,2.0,1.5,0.0,0.0,0,0.0,0.0,11.0,6.5,73.0,0.5,0.5
74,Kellen Mond,MIN,QB,0.5,2.0,0.0,0.0,0,0.0,0.0,10.0,5.5,53.0,0.5,0.0
75,Nathan Peterman,CHI,QB,2.0,9.0,0.0,0.0,0,0.0,0.0,7.5,4.0,45.0,0.5,0.5
76,Sam Howell,WAS,QB,0.5,2.0,0.0,0.0,0,0.0,0.1,7.8,4.7,51.7,0.3,0.3
77,Sam Ehlinger,IND,QB,0.0,0.0,0.0,0.0,0,0.0,0.0,0.0,0.0,0.0,0.0,0.0
78,P.J. Walker,CAR,QB,0.0,0.0,0.0,0.0,0,0.0,0.0,0.0,0.0,0.0,0.0,0.0
79,Feleipe Franks,ATL,QB,0.0,0.0,0.0,0.0,0,0.0,0.0,0.0,0.0,0.0,0.0,0.0
80,Logan Woodside,TEN,QB,0.0,0.0,0.0,0.0,0,0.0,0.0,0.0,0.0,0.0,0.0,0.0
81,Ian Book,NO,QB,0.0,0.0,0.0,0.0,0,0.0,0.0,0.0,0.0,0.0,0.0,0.0
82,Will Grier,DAL,QB,0.0,0.0,0.0,0.0,0,0.0,0.0,0.0,0.0,0.0,0.0,0.0
83,Easton Stick,LAC,QB,0.0,0.0,0.0,0.0,0,0.0,0.0,0.0,0.0,0.0,0.0,0.0
84,David Blough,DET,QB,0.0,0.0,0.0,0.0,0,0.0,0.0,0.0,0.0,0.0,0.0,0.0
85,Matt Barkley,BUF,QB,0.0,0.0,0.0,0.0,0,0.0,0.0,0.0,0.0,0.0,0.0,0.0
86,Jacob Eason,SEA,QB,0.0,0.0,0.0,0.0,0,0.0,0.0,0.0,0.0,0.0,0.0,0.0
87,Ryan Griffin,TB,QB,0.0,0.0,0.0,0.0,0,0.0,0.0,0.0,0.0,0.0,0.0,0.0
88,Jake Luton,JAC,QB,0.0,0.0,0.0,0.0,0,0.0,0.0,0.0,0.0,0.0,0.0,0.0
89,Jeff Driskel,HOU,QB,0.0,0.0,0.0,0.0,0,0.0,0.0,0.0,0.0,0.0,0.0,0.0
90,Davis Webb,NYG,QB,0.0,0.0,0.0,0.0,0,0.0,0.0,0.0,0.0,0.0,0.0,0.0
91,0,0,QB,0.0,0,0.0,0.0,0,0.0,0.0,0.0,0.0,0,0.0,0.0
92,0,0,QB,0.0,0,0.0,0.0,0,0.0,0.0,0.0,0.0,0,0.0,0.0
1,Travis Kelce,KC,TE,0.0,0,0.0,101.3,"1,202.9",9.0,0.8,0.0,0.0,0,0.0,0.0
2,Mark Andrews,BAL,TE,0.0,0,0.0,92.2,"1,142.5",8.8,0.8,0.0,0.0,0,0.0,0.0
3,Darren Waller,LV,TE,0.0,0,0.0,80.6,973.2,5.1,0.7,0.0,0.0,0,0.0,0.0
4,George Kittle,SF,TE,0.0,0,0.0,75.8,921.4,5.5,0.8,0.0,0.0,0,0.0,0.0
5,Kyle Pitts,ATL,TE,0.0,0,0.0,71.5,960.1,4.4,0.7,0.0,0.0,0,0.0,0.0
6,Dalton Schultz,DAL,TE,0.0,0,0.0,75.2,746.9,5.9,0.7,0.0,0.0,0,0.0,0.0
7,Dallas Goedert,PHI,TE,0.0,0,0.0,62.0,754.1,5.0,0.7,0.0,0.0,0,0.0,0.0
8,T.J. Hockenson,DET,TE,0.0,0,0.0,68.0,699.9,5.1,0.7,0.0,0.0,0,0.0,0.0
9,Dawson Knox,BUF,TE,0.0,0,0.0,48.6,579.1,6.0,0.1,0.0,0.0,0,0.0,0.0
10,Hunter Henry,NE,TE,0.0,0,0.0,51.5,567.6,5.8,0.1,0.0,0.0,0,0.0,0.0
11,Zach Ertz,ARI,TE,0.0,0,0.0,61.1,633.7,4.7,0.6,0.0,0.0,0,0.0,0.0
12,Mike Gesicki,MIA,TE,0.0,0,0.0,61.5,660.8,4.1,0.6,0.0,0.0,0,0.0,0.0
13,Pat Freiermuth,PIT,TE,0.0,0,0.0,62.5,559.9,5.2,0.7,0.0,0.0,0,0.0,0.0
14,Noah Fant,SEA,TE,0.0,0,0.0,61.5,629.4,3.8,0.6,0.0,0.0,0,0.0,0.0
15,Cole Kmet,CHI,TE,0.0,0,0.0,61.4,640.2,3.6,0.7,0.0,0.0,0,0.0,0.0
16,Tyler Higbee,LAR,TE,0.0,0,0.0,57.4,578.5,4.6,0.7,0.0,0.0,0,0.0,0.0
17,Albert Okwuegbunam,DEN,TE,0.0,0,0.0,53.1,554.3,4.9,0.7,0.0,0.0,0,0.0,0.0
18,David Njoku,CLE,TE,0.0,0,0.0,46.3,568.2,4.4,0.1,0.0,0.0,0,0.0,0.0
19,Irv Smith Jr.,MIN,TE,0.0,0,0.0,51.0,525.5,4.5,0.2,0.0,0.0,0,0.0,0.0
20,Logan Thomas,WAS,TE,0.0,0,0.0,50.8,523.0,4.6,0.6,0.0,0.0,0,0.0,0.0
21,Austin Hooper,TEN,TE,0.0,0,0.0,56.0,525.0,4.5,0.6,0.0,0.0,0,0.0,0.0
22,Gerald Everett,LAC,TE,0.0,0,0.0,53.9,542.7,4.4,1.3,0.0,0.0,0,0.0,0.0
23,Robert Tonyan,GB,TE,0.0,0,0.0,46.5,511.4,4.5,0.1,0.0,0.0,0,0.0,0.0
24,Evan Engram,JAC,TE,0.0,0,0.0,50.3,527.3,3.5,0.7,0.0,0.0,0,0.0,0.0
25,Kyle Rudolph,TB,TE,0.0,0,0.0,45.0,463.0,4.0,0.0,0.0,0.0,0,0.0,0.0
26,Hayden Hurst,CIN,TE,0.0,0,0.0,43.9,433.3,3.9,0.7,0.0,0.0,0,0.0,0.0
27,Cameron Brate,TB,TE,0.0,0,0.0,40.1,385.0,4.1,0.2,0.0,0.0,0,0.0,0.0
28,Mo Alie-Cox,IND,TE,0.0,0,0.0,34.4,425.2,3.3,0.1,0.0,0.0,0,0.0,0.0
29,Brevin Jordan,HOU,TE,0.0,0,0.0,39.3,380.9,3.2,0.2,0.0,0.0,0,0.0,0.0
30,C.J. Uzomah,NYJ,TE,0.0,0,0.0,40.1,384.0,2.6,0.1,0.0,0.0,0,0.0,0.0
31,Adam Trautman,NO,TE,0.0,0,0.0,36.2,383.8,2.6,0.6,0.0,0.0,0,0.0,0.0
32,Jonnu Smith,NE,TE,0.0,0,0.0,32.3,349.6,2.5,0.1,0.0,0.0,0,0.0,0.0
33,Harrison Bryant,CLE,TE,0.0,0,0.0,29.2,309.4,2.9,0.1,0.0,0.0,0,0.0,0.0
34,Tyler Conklin,NYJ,TE,0.0,0,0.0,32.5,320.8,2.0,0.1,0.0,0.0,0,0.0,0.0
35,Paul Quessenberry,HOU,TE,0.0,0,0.0,38.0,340.0,2.0,1.0,0.0,0.0,0,0.0,0.0
36,Ricky Seals-Jones,NYG,TE,0.0,0,0.0,29.9,291.0,2.4,0.0,0.0,0.0,0,0.0,0.0
37,Foster Moreau,LV,TE,0.0,0,0.0,23.4,266.7,2.6,0.1,0.0,0.0,0,0.0,0.0
38,Dan Arnold,JAC,TE,0.0,0,0.0,28.0,330.2,1.8,0.7,0.0,0.0,0,0.0,0.0
39,Jeremiah Hall,NYG,TE,0.0,0,0.0,35.0,307.0,2.0,1.0,0.0,0.0,0,0.0,0.0
40,Cade Otton,TB,TE,0.0,0,0.0,26.1,274.0,2.4,0.6,0.0,0.0,0,0.0,0.0
41,Tommy Tremble,CAR,TE,0.0,0,0.0,25.3,256.2,1.9,0.1,0.0,0.0,0,0.0,0.0
42,Donald Parham Jr.,LAC,TE,0.0,0,0.0,21.2,225.9,2.4,0.1,0.0,0.0,0,0.0,0.0
43,Geoff Swaim,TEN,TE,0.0,0,0.0,26.0,220.7,2.4,0.1,0.0,0.0,0,0.0,0.0
44,O.J. Howard,BUF,TE,0.0,0,0.0,22.0,244.7,1.8,0.1,0.0,0.0,0,0.0,0.0
45,Jelani Woods,IND,TE,0.0,0,0.0,21.6,228.7,2.0,0.5,0.0,0.0,0,0.0,0.0
46,Anthony Firkser,ATL,TE,0.0,0,0.0,25.9,242.9,1.4,0.6,0.0,0.0,0,0.0,0.0
47,John Bates,WAS,TE,0.0,0,0.0,18.0,207.8,1.3,0.1,0.0,0.0,0,0.0,0.0
48,James O'Shaughnessy,CHI,TE,0.0,0,0.0,20.5,214.9,1.1,0.1,0.0,0.0,0,0.0,0.0
49,Pharaoh Brown,HOU,TE,0.0,0,0.0,23.9,210.5,1.3,0.6,0.0,0.0,0,0.0,0.0
50,Trey McBride,ARI,TE,0.0,0,0.0,17.5,178.3,1.5,0.5,0.0,0.0,0,0.0,0.0
51,Will Dissly,SEA,TE,0.0,0,0.0,18.5,192.0,0.9,0.1,0.0,0.0,0,0.0,0.0
52,Ian Thomas,CAR,TE,0.0,0,0.0,19.0,185.7,1.0,0.1,0.0,0.0,0,0.0,0.0
53,Kylen Granson,IND,TE,0.0,0,0.0,16.7,167.9,1.2,0.1,0.0,0.0,0,0.0,0.0
54,Kendall Blanton,LAR,TE,0.0,0,0.0,15.5,162.4,1.4,0.5,0.0,0.0,0,0.0,0.0
55,Jordan Akins,NYG,TE,0.0,0,0.0,19.1,182.8,1.1,0.6,0.0,0.0,0,0.0,0.0
56,Josiah Deguara,GB,TE,0.0,0,0.0,14.2,147.3,1.4,0.1,0.0,0.0,0,0.0,0.0
57,Marcedes Lewis,GB,TE,0.0,0,0.0,16.2,154.4,1.2,0.5,0.0,0.0,0,0.0,0.0
58,Taysom Hill,NO,TE,0.0,0,0.0,9.0,95.0,2.0,0.0,0.0,0.0,0,0.0,0.0
59,Nick Boyle,BAL,TE,0.0,0,0.0,14.1,132.3,1.3,0.0,0.0,0.0,0,0.0,0.0
60,Maxx Williams,ARI,TE,0.0,0,0.0,14.0,153.5,0.7,0.0,0.0,0.0,0,0.0,0.0
61,Daniel Bellinger,NYG,TE,0.0,0,0.0,14.3,144.7,0.9,0.1,0.0,0.0,0,0.0,0.0
62,Matt Bushman,KC,TE,0.0,0,0.0,14.0,135.0,1.0,0.0,0.0,0.0,0,0.0,0.0
63,Kyle Markway,LAR,TE,0.0,0,0.0,12.0,132.0,1.0,0.0,0.0,0.0,0,0.0,0.0
64,Brock Wright,DET,TE,0.0,0,0.0,12.1,116.0,1.3,0.0,0.0,0.0,0,0.0,0.0
65,Nick Eubanks,CIN,TE,0.0,0,0.0,12.0,125.0,1.0,0.0,0.0,0.0,0,0.0,0.0
66,Alize Mack,GB,TE,0.0,0,0.0,12.0,122.0,1.0,0.0,0.0,0.0,0,0.0,0.0
67,Greg Dulcich,DEN,TE,0.0,0,0.0,11.5,119.7,1.0,0.0,0.0,0.0,0,0.0,0.0
68,Durham Smythe,MIA,TE,0.0,0,0.0,13.5,132.0,0.7,0.0,0.0,0.0,0,0.0,0.0
69,Tyler Kroft,SF,TE,0.0,0,0.0,11.0,125.0,0.8,0.0,0.0,0.0,0,0.0,0.0
70,Ko Kieft,TB,TE,0.0,0,0.0,11.4,114.5,0.9,0.0,0.0,0.0,0,0.0,0.0
71,Matt Sokol,NE,TE,0.0,0,0.0,10.0,105.0,1.0,0.0,0.0,0.0,0,0.0,0.0
72,Noah Gray,KC,TE,0.0,0,0.0,11.1,106.0,1.0,0.0,0.0,0.0,0,0.0,0.0
73,Connor Heyward,PIT,TE,0.0,0,0.0,11.5,115.9,0.7,0.1,0.0,0.0,0,0.0,0.0
74,Ryan Griffin,CHI,TE,0.0,0,0.0,9.9,100.5,1.0,0.0,0.0,0.0,0,0.0,0.0
75,Rysen John,CHI,TE,0.0,0,0.0,10.0,97.0,1.0,0.0,0.0,0.0,0,0.0,0.0
76,Kenny Yeboah,NYJ,TE,0.0,0,0.0,11.1,107.5,0.8,0.0,0.0,0.0,0,0.0,0.0
77,Mason Schreck,HOU,TE,0.0,0,0.0,10.0,93.0,1.0,0.0,0.0,0.0,0,0.0,0.0
78,Josh Oliver,BAL,TE,0.0,0,0.0,10.7,92.7,0.9,0.0,0.0,0.0,0,0.0,0.0
79,Jake Ferguson,DAL,TE,0.0,0,0.0,9.6,100.0,0.8,0.0,0.0,0.0,0,0.0,0.0
80,Blake Bell,KC,TE,0.0,0,0.0,10.0,95.5,0.8,0.0,0.0,0.0,0,0.0,0.0
81,Dominique Dafney,GB,TE,0.0,0,0.0,7.6,91.6,0.9,0.0,0.0,0.0,0,0.0,0.0
82,Isaiah Likely,BAL,TE,0.0,0,0.0,9.4,91.7,0.8,0.0,0.0,0.0,0,0.0,0.0
83,Nick Vannett,NO,TE,0.0,0,0.0,8.6,91.7,0.8,0.1,0.0,0.0,0,0.0,0.0
84,Drew Sample,CIN,TE,0.0,0,0.0,10.2,89.7,0.8,0.1,0.0,0.0,0,0.0,0.0
85,Juwan Johnson,NO,TE,0.0,0,0.0,6.5,73.4,1.0,0.0,0.0,0.0,0,0.0,0.0
86,Richard Rodgers,PHI,TE,0.0,0,0.0,8.7,86.9,0.8,0.0,0.0,0.0,0,0.0,0.0
87,Zach Gentry,PIT,TE,0.0,0,0.0,9.9,89.3,0.7,0.0,0.0,0.0,0,0.0,0.0
88,Jacob Harris,LAR,TE,0.0,0,0.0,8.0,86.9,0.7,0.0,0.0,0.0,0,0.0,0.0
89,Stephen Anderson,ARI,TE,0.0,0,0.0,8.1,83.9,0.7,0.0,0.0,0.0,0,0.0,0.0
90,Jody Fortson,KC,TE,0.0,0,0.0,7.0,76.4,0.7,0.0,0.0,0.0,0,0.0,0.0
91,Chris Manhertz,JAC,TE,0.0,0,0.0,6.5,69.5,0.9,0.0,0.0,0.0,0,0.0,0.0
92,Jeremy Sprinkle,DAL,TE,0.0,0,0.0,7.8,79.0,0.7,0.0,0.0,0.0,0,0.0,0.0
93,Ross Dwelley,SF,TE,0.0,0,0.0,7.4,79.1,0.7,0.0,0.0,0.0,0,0.0,0.0
94,Luke Farrell,JAC,TE,0.0,0,0.0,7.6,81.0,0.5,0.1,0.0,0.0,0,0.0,0.0
95,Tre' McKitty,LAC,TE,0.0,0,0.0,8.4,80.7,0.5,0.0,0.0,0.0,0,0.0,0.0
96,Charlie Kolar,BAL,TE,0.0,0,0.0,6.8,71.5,0.7,0.0,0.0,0.0,0,0.0,0.0
97,Kevin Rader,PIT,TE,0.0,0,0.0,8.6,69.7,0.7,0.0,0.0,0.0,0,0.0,0.0
98,Teagan Quitoriano,HOU,TE,0.0,0,0.0,7.5,70.8,0.6,0.0,0.0,0.0,0,0.0,0.0
99,Charlie Woerner,SF,TE,0.0,0,0.0,6.8,66.8,0.7,0.0,0.0,0.0,0,0.0,0.0
100,Jeremy Ruckert,NYJ,TE,0.0,0,0.0,6.8,68.5,0.6,0.0,0.0,0.0,0,0.0,0.0
101,Jesper Horsted,LV,TE,0.0,0,0.0,6.9,74.1,0.5,0.0,0.0,0.0,0,0.0,0.0
102,Nick Muse,MIN,TE,0.0,0,0.0,6.9,70.6,0.6,0.0,0.0,0.0,0,0.0,0.0
103,Ben Ellefson,MIN,TE,0.0,0,0.0,6.2,62.5,0.7,0.0,0.0,0.0,0,0.0,0.0
104,Tyree Jackson,PHI,TE,0.0,0,0.0,6.5,64.6,0.7,0.1,0.0,0.0,0,0.0,0.0
105,Sean McKeon,DAL,TE,0.0,0,0.0,6.8,68.5,0.6,0.1,0.0,0.0,0,0.0,0.0
106,Adam Shaheen,MIA,TE,0.0,0,0.0,7.7,74.0,0.5,0.0,0.0,0.0,0,0.0,0.0
107,Brycen Hopkins,LAR,TE,0.0,0,0.0,6.0,65.6,0.5,0.0,0.0,0.0,0,0.0,0.0
108,Colby Parkinson,SEA,TE,0.0,0,0.0,7.2,68.2,0.5,0.1,0.0,0.0,0,0.0,0.0
109,John FitzPatrick,ATL,TE,0.0,0,0.0,6.4,59.2,0.6,0.0,0.0,0.0,0,0.0,0.0
110,Eric Tomlinson,DEN,TE,0.0,0,0.0,5.9,58.7,0.5,0.0,0.0,0.0,0,0.0,0.0
111,Johnny Mundt,MIN,TE,0.0,0,0.0,5.9,59.1,0.5,0.1,0.0,0.0,0,0.0,0.0
112,Chigoziem Okonkwo,TEN,TE,0.0,0,0.0,5.3,55.7,0.5,0.0,0.0,0.0,0,0.0,0.0
113,Cole Turner,WAS,TE,0.0,0,0.0,5.2,53.7,0.4,0.0,0.0,0.0,0,0.0,0.0
114,Antony Auclair,HOU,TE,0.0,0,0.0,5.9,57.2,0.4,0.1,0.0,0.0,0,0.0,0.0
115,Hunter Long,MIA,TE,0.0,0,0.0,5.3,50.0,0.5,0.0,0.0,0.0,0,0.0,0.0
116,Devin Asiasi,NE,TE,0.0,0,0.0,3.9,51.6,0.4,0.0,0.0,0.0,0,0.0,0.0
117,Nick Bowers,LV,TE,0.0,0,0.0,4.0,42.2,0.4,0.0,0.0,0.0,0,0.0,0.0
118,Reggie Gilliam,BUF,TE,0.0,0,0.0,4.1,39.4,0.4,0.0,0.0,0.0,0,0.0,0.0
119,Hunter Kampmoyer,LAC,TE,0.0,0,0.0,3.8,39.6,0.4,0.0,0.0,0.0,0,0.0,0.0
120,Jace Sternberger,PIT,TE,0.0,0,0.0,4.2,40.9,0.3,0.0,0.0,0.0,0,0.0,0.0
121,Parker Hesse,ATL,TE,0.0,0,0.0,4.5,43.9,0.3,0.0,0.0,0.0,0,0.0,0.0
122,Eric Saubert,DEN,TE,0.0,0,0.0,4.1,38.0,0.4,0.0,0.0,0.0,0,0.0,0.0
123,Garrett Griffin,DET,TE,0.0,0,0.0,3.9,38.6,0.3,0.0,0.0,0.0,0,0.0,0.0
124,Jacob Hollister,LV,TE,0.0,0,0.0,4.0,35.0,0.3,0.0,0.0,0.0,0,0.0,0.0
125,Miller Forristall,CLE,TE,0.0,0,0.0,3.4,34.9,0.3,0.1,0.0,0.0,0,0.0,0.0
126,Tyler Mabry,SEA,TE,0.0,0,0.0,3.6,36.5,0.2,0.0,0.0,0.0,0,0.0,0.0
127,Grant Calcaterra,PHI,TE,0.0,0,0.0,3.1,31.3,0.3,0.0,0.0,0.0,0,0.0,0.0
128,Nakia Griffin-Stewart,CLE,TE,0.0,0,0.0,3.3,32.9,0.3,0.0,0.0,0.0,0,0.0,0.0
129,Tommy Hudson,TEN,TE,0.0,0,0.0,2.7,27.6,0.2,0.0,0.0,0.0,0,0.0,0.0
130,Codey McElroy,TB,TE,0.0,0,0.0,2.1,22.5,0.2,0.0,0.0,0.0,0,0.0,0.0
131,Tommy Sweeney,BUF,TE,0.0,0,0.0,1.9,18.3,0.2,0.0,0.0,0.0,0,0.0,0.0
132,Mitchell Wilcox,CIN,TE,0.0,0,0.0,1.8,18.4,0.2,0.0,0.0,0.0,0,0.0,0.0
133,James Mitchell,DET,TE,0.0,0,0.0,1.8,18.4,0.2,0.0,0.0,0.0,0,0.0,0.0
134,Andrew Ogletree,IND,TE,0.0,0,0.0,1.7,17.7,0.2,0.0,0.0,0.0,0,0.0,0.0
135,Jack Stoll,PHI,TE,0.0,0,0.0,1.7,16.5,0.2,0.0,0.0,0.0,0,0.0,0.0
136,Stephen Sullivan,CAR,TE,0.0,0,0.0,1.8,19.0,0.1,0.0,0.0,0.0,0,0.0,0.0
137,Sammis Reyes,WAS,TE,0.0,0,0.0,0.9,8.9,0.1,0.0,0.0,0.0,0,0.0,0.0
138,Jared Pinkney,LAR,TE,0.0,0,0.0,0.5,4.4,0.0,0.0,0.0,0.0,0,0.0,0.0
139,Colin Thompson,CAR,TE,0.0,0,0.0,0.0,0.0,0.0,0.0,0.0,0.0,0,0.0,0.0
140,Troy Fumagalli,SF,TE,0.0,0,0.0,0.0,0.0,0.0,0.0,0.0,0.0,0,0.0,0.0
141,Trevon Wesco,NYJ,TE,0.0,0,0.0,0.0,0.0,0.0,0.0,0.0,0.0,0,0.0,0.0
142,J.P. Holtz,NO,TE,0.0,0,0.0,0.0,0.0,0.0,0.0,0.0,0.0,0,0.0,0.0
143,Alex Ellis,ARI,TE,0.0,0,0.0,0.0,0.0,0.0,0.0,0.0,0.0,0,0.0,0.0
144,Chris Myarick,NYG,TE,0.0,0,0.0,0.0,0.0,0.0,0.0,0.0,0.0,0,0.0,0.0
145,Jordan Franks,KC,TE,0.0,0,0.0,0.0,0.0,0.0,0.0,0.0,0.0,0,0.0,0.0
146,Tanner Hudson,SF,TE,0.0,0,0.0,0.0,0.0,0.0,0.0,0.0,0.0,0,0.0,0.0
147,Noah Togiai,PHI,TE,0.0,0,0.0,0.0,0.0,0.0,0.0,0.0,0.0,0,0.0,0.0
148,Cethan Carter,MIA,TE,0.0,0,0.0,0.0,0.0,0.0,0.0,0.0,0.0,0,0.0,0.0
149,Deon Yelder,ARI,TE,0.0,0,0.0,0.0,0.0,0.0,0.0,0.0,0.0,0,0.0,0.0
150,0,0,TE,0.0,0,0.0,0.0,0,0.0,0.0,0.0,0.0,0,0.0,0.0
151,0,0,TE,0.0,0,0.0,0.0,0,0.0,0.0,0.0,0.0,0,0.0,0.0
